date,Close,Open,High,Low
2016/12/30,2.446,2.477,2.488,2.431
2016/12/29,2.477,2.512,2.512,2.46
2016/12/28,2.512,2.565,2.567,2.503
2016/12/27,2.561,2.554,2.576,2.547
2016/12/26,2.543,2.543,2.543,2.543
2016/12/23,2.543,2.556,2.558,2.526
2016/12/22,2.553,2.535,2.577,2.527
2016/12/21,2.538,2.566,2.577,2.537
2016/12/20,2.56,2.54,2.59,2.538
2016/12/19,2.544,2.582,2.595,2.529
2016/12/18,2.582,2.584,2.584,2.58
2016/12/16,2.599,2.6,2.619,2.553
2016/12/15,2.606,2.58,2.641,2.565
2016/12/14,2.567,2.471,2.586,2.422
2016/12/13,2.473,2.468,2.495,2.438
2016/12/12,2.477,2.489,2.528,2.466
2016/12/11,2.488,2.466,2.493,2.466
2016/12/9,2.466,2.412,2.478,2.397
2016/12/8,2.409,2.345,2.427,2.34
2016/12/7,2.344,2.396,2.401,2.342
2016/12/6,2.392,2.398,2.403,2.374
2016/12/5,2.401,2.363,2.448,2.34
2016/12/4,2.365,2.354,2.376,2.352
2016/12/2,2.392,2.437,2.448,2.374
2016/12/1,2.454,2.397,2.492,2.377
2016/11/30,2.39,2.295,2.41,2.291
2016/11/29,2.293,2.312,2.35,2.291
2016/11/28,2.312,2.339,2.352,2.311
2016/11/27,2.341,2.359,2.359,2.337
2016/11/25,2.359,2.382,2.413,2.35
2016/11/24,2.382,2.382,2.386,2.382
2016/11/23,2.355,2.312,2.417,2.292
2016/11/22,2.314,2.303,2.337,2.287
2016/11/21,2.314,2.353,2.357,2.303
2016/11/20,2.353,2.348,2.36,2.348
2016/11/18,2.348,2.322,2.364,2.267
2016/11/17,2.297,2.205,2.306,2.187
2016/11/16,2.214,2.226,2.297,2.205
2016/11/15,2.23,2.251,2.251,2.182
2016/11/14,2.254,2.171,2.302,2.168
2016/11/13,2.173,2.178,2.182,2.173
2016/11/10,2.138,2.042,2.154,1.991
2016/11/9,2.068,1.858,2.092,1.716
2016/11/8,1.858,1.826,1.876,1.807
2016/11/7,1.828,1.831,1.833,1.808
2016/11/6,1.83,1.83,1.833,1.826
2016/11/4,1.778,1.806,1.822,1.769
2016/11/3,1.81,1.804,1.833,1.776
2016/11/2,1.801,1.829,1.829,1.774
2016/11/1,1.827,1.838,1.879,1.811
2016/10/31,1.826,1.84,1.854,1.826
2016/10/30,1.841,1.849,1.849,1.84
2016/10/28,1.849,1.854,1.879,1.832
2016/10/27,1.85,1.797,1.87,1.791
2016/10/26,1.791,1.754,1.797,1.742
2016/10/25,1.758,1.766,1.788,1.742
2016/10/24,1.766,1.742,1.775,1.724
2016/10/23,1.74,1.74,1.74,1.74
2016/10/21,1.736,1.761,1.761,1.731
2016/10/20,1.756,1.75,1.768,1.724
2016/10/19,1.747,1.745,1.77,1.729
2016/10/18,1.74,1.771,1.787,1.74
2016/10/17,1.768,1.789,1.814,1.757
2016/10/16,1.789,1.805,1.805,1.787
2016/10/15,1.805,1.805,1.805,1.805
2016/10/14,1.805,1.752,1.805,1.75
2016/10/13,1.746,1.767,1.769,1.727
2016/10/12,1.771,1.769,1.801,1.764
2016/10/11,1.767,1.767,1.781,1.745
2016/10/10,1.765,1.723,1.765,1.723
2016/10/7,1.723,1.732,1.771,1.718
2016/10/6,1.739,1.709,1.746,1.692
2016/10/5,1.706,1.685,1.73,1.669
2016/10/4,1.69,1.629,1.692,1.612
2016/10/3,1.627,1.6,1.629,1.593
2016/10/2,1.6,1.598,1.605,1.598
2016/9/30,1.598,1.553,1.617,1.536
2016/9/29,1.558,1.586,1.601,1.543
2016/9/28,1.572,1.558,1.581,1.543
2016/9/27,1.56,1.589,1.606,1.546
2016/9/26,1.584,1.617,1.62,1.574
2016/9/25,1.615,1.62,1.62,1.615
2016/9/24,1.62,1.62,1.62,1.62
2016/9/23,1.62,1.623,1.632,1.606
2016/9/22,1.618,1.649,1.656,1.608
2016/9/21,1.655,1.689,1.738,1.653
2016/9/20,1.693,1.708,1.71,1.667
2016/9/19,1.707,1.693,1.714,1.679
2016/9/18,1.694,1.694,1.694,1.694
2016/9/17,1.694,1.694,1.694,1.694
2016/9/16,1.694,1.689,1.703,1.66
2016/9/15,1.698,1.696,1.736,1.665
2016/9/14,1.698,1.725,1.743,1.682
2016/9/13,1.729,1.661,1.752,1.637
2016/9/12,1.666,1.668,1.697,1.659
2016/9/11,1.67,1.675,1.675,1.67
2016/9/9,1.675,1.602,1.678,1.594
2016/9/8,1.601,1.541,1.62,1.529
2016/9/7,1.536,1.541,1.549,1.519
2016/9/6,1.536,1.609,1.62,1.534
2016/9/5,1.609,1.607,1.611,1.607
2016/9/2,1.607,1.571,1.623,1.543
2016/9/1,1.568,1.58,1.619,1.556
2016/8/31,1.578,1.57,1.585,1.554
2016/8/30,1.57,1.573,1.592,1.561
2016/8/29,1.563,1.626,1.626,1.559
2016/8/28,1.626,1.63,1.631,1.624
2016/8/26,1.628,1.571,1.635,1.531
2016/8/25,1.578,1.564,1.583,1.548
2016/8/24,1.563,1.556,1.57,1.542
2016/8/23,1.546,1.551,1.571,1.527
2016/8/22,1.544,1.597,1.6,1.536
2016/8/21,1.597,1.597,1.599,1.595
2016/8/19,1.58,1.546,1.594,1.536
2016/8/18,1.534,1.539,1.566,1.525
2016/8/17,1.549,1.568,1.588,1.537
2016/8/16,1.575,1.554,1.587,1.515
2016/8/15,1.558,1.512,1.561,1.498
2016/8/14,1.512,1.51,1.512,1.508
2016/8/13,1.51,1.51,1.51,1.51
2016/8/12,1.51,1.559,1.563,1.48
2016/8/11,1.561,1.505,1.576,1.503
2016/8/10,1.513,1.545,1.545,1.501
2016/8/9,1.549,1.59,1.597,1.535
2016/8/8,1.592,1.595,1.616,1.571
2016/8/7,1.595,1.599,1.599,1.595
2016/8/6,1.59,1.59,1.59,1.59
2016/8/5,1.59,1.501,1.592,1.487
2016/8/4,1.503,1.544,1.556,1.484
2016/8/3,1.545,1.559,1.571,1.53
2016/8/2,1.554,1.52,1.573,1.511
2016/8/1,1.52,1.463,1.527,1.463
2016/7/31,1.463,1.45,1.463,1.45
2016/7/29,1.45,1.501,1.564,1.45
2016/7/28,1.508,1.504,1.535,1.492
2016/7/27,1.503,1.563,1.59,1.498
2016/7/26,1.563,1.568,1.589,1.537
2016/7/25,1.575,1.571,1.592,1.554
2016/7/24,1.573,1.566,1.577,1.566
2016/7/22,1.566,1.549,1.601,1.537
2016/7/21,1.556,1.58,1.628,1.554
2016/7/20,1.58,1.559,1.596,1.546
2016/7/19,1.558,1.573,1.575,1.537
2016/7/18,1.582,1.575,1.604,1.556
2016/7/17,1.558,1.558,1.558,1.558
2016/7/15,1.558,1.52,1.601,1.517
2016/7/14,1.537,1.471,1.551,1.466
2016/7/13,1.473,1.508,1.508,1.459
2016/7/12,1.507,1.425,1.531,1.422
2016/7/11,1.43,1.366,1.435,1.358
2016/7/10,1.366,1.358,1.366,1.358
2016/7/8,1.358,1.39,1.442,1.346
2016/7/7,1.385,1.37,1.422,1.355
2016/7/6,1.373,1.367,1.395,1.321
2016/7/5,1.375,1.439,1.441,1.357
2016/7/4,1.441,1.456,1.456,1.439
2016/7/1,1.456,1.471,1.473,1.382
2016/6/30,1.475,1.512,1.546,1.453
2016/6/29,1.517,1.465,1.519,1.454
2016/6/28,1.465,1.439,1.483,1.428
2016/6/27,1.444,1.507,1.526,1.436
2016/6/26,1.509,1.514,1.516,1.5
2016/6/24,1.562,1.682,1.704,1.406
2016/6/23,1.744,1.702,1.749,1.694
2016/6/22,1.687,1.697,1.711,1.68
2016/6/21,1.709,1.671,1.711,1.661
2016/6/20,1.678,1.656,1.69,1.642
2016/6/19,1.656,1.654,1.658,1.652
2016/6/17,1.611,1.589,1.622,1.582
2016/6/16,1.579,1.57,1.581,1.518
2016/6/15,1.575,1.613,1.637,1.572
2016/6/14,1.613,1.611,1.625,1.567
2016/6/13,1.613,1.625,1.64,1.608
2016/6/12,1.623,1.644,1.644,1.622
2016/6/10,1.644,1.68,1.683,1.627
2016/6/9,1.682,1.704,1.709,1.659
2016/6/8,1.704,1.719,1.721,1.697
2016/6/7,1.716,1.733,1.744,1.704
2016/6/6,1.737,1.704,1.742,1.704
2016/6/5,1.706,1.699,1.706,1.697
2016/6/3,1.702,1.808,1.813,1.697
2016/6/2,1.799,1.837,1.841,1.796
2016/6/1,1.839,1.844,1.856,1.804
2016/5/31,1.851,1.86,1.89,1.83
2016/5/30,1.862,1.851,1.865,1.851
2016/5/27,1.851,1.833,1.855,1.821
2016/5/26,1.83,1.86,1.87,1.821
2016/5/25,1.872,1.859,1.882,1.849
2016/5/24,1.865,1.838,1.88,1.821
2016/5/23,1.835,1.838,1.856,1.818
2016/5/22,1.837,1.844,1.844,1.835
2016/5/20,1.844,1.849,1.868,1.837
2016/5/19,1.847,1.849,1.883,1.83
2016/5/18,1.859,1.774,1.887,1.764
2016/5/17,1.772,1.753,1.776,1.736
2016/5/16,1.757,1.702,1.757,1.7
2016/5/15,1.702,1.695,1.702,1.695
2016/5/13,1.702,1.752,1.755,1.7
2016/5/12,1.748,1.724,1.765,1.715
2016/5/11,1.735,1.767,1.77,1.721
2016/5/10,1.754,1.753,1.775,1.747
2016/5/9,1.751,1.789,1.793,1.747
2016/5/8,1.789,1.788,1.789,1.784
2016/5/6,1.779,1.756,1.786,1.705
2016/5/5,1.742,1.793,1.809,1.735
2016/5/4,1.777,1.807,1.817,1.77
2016/5/3,1.796,1.856,1.858,1.782
2016/5/2,1.872,1.83,1.874,1.81
2016/5/1,1.828,1.826,1.83,1.826
2016/4/29,1.835,1.839,1.876,1.816
2016/4/28,1.824,1.847,1.872,1.81
2016/4/27,1.852,1.922,1.923,1.851
2016/4/26,1.931,1.907,1.941,1.89
2016/4/25,1.914,1.891,1.914,1.865
2016/4/24,1.891,1.891,1.895,1.891
2016/4/22,1.891,1.868,1.897,1.847
2016/4/21,1.865,1.84,1.891,1.833
2016/4/20,1.845,1.78,1.859,1.752
2016/4/19,1.787,1.783,1.806,1.771
2016/4/18,1.771,1.726,1.787,1.722
2016/4/17,1.726,1.726,1.727,1.724
2016/4/15,1.753,1.787,1.799,1.74
2016/4/14,1.792,1.773,1.804,1.752
2016/4/13,1.766,1.778,1.797,1.757
2016/4/12,1.776,1.729,1.785,1.725
2016/4/11,1.722,1.732,1.755,1.698
2016/4/10,1.732,1.717,1.734,1.717
2016/4/8,1.717,1.701,1.738,1.699
2016/4/7,1.687,1.758,1.769,1.685
2016/4/6,1.758,1.732,1.774,1.729
2016/4/5,1.72,1.764,1.764,1.715
2016/4/4,1.762,1.765,1.791,1.753
2016/4/3,1.765,1.774,1.774,1.765
2016/4/1,1.774,1.784,1.814,1.762
2016/3/31,1.77,1.816,1.832,1.769
2016/3/30,1.828,1.809,1.862,1.804
2016/3/29,1.804,1.883,1.898,1.8
2016/3/28,1.883,1.914,1.918,1.863
2016/3/27,1.914,1.907,1.914,1.907
2016/3/24,1.9,1.884,1.902,1.852
2016/3/23,1.879,1.951,1.954,1.872
2016/3/22,1.944,1.919,1.946,1.879
2016/3/21,1.917,1.893,1.924,1.868
2016/3/20,1.877,1.877,1.877,1.877
2016/3/18,1.877,1.901,1.901,1.863
2016/3/17,1.898,1.908,1.919,1.854
2016/3/16,1.913,1.97,2.002,1.908
2016/3/15,1.968,1.963,1.975,1.915
2016/3/14,1.961,1.979,1.986,1.941
2016/3/13,1.977,1.98,1.98,1.972
2016/3/11,1.98,1.932,1.986,1.916
2016/3/10,1.936,1.876,1.952,1.855
2016/3/9,1.88,1.829,1.897,1.825
2016/3/8,1.831,1.908,1.909,1.804
2016/3/7,1.904,1.879,1.92,1.876
2016/3/6,1.879,1.885,1.885,1.878
2016/3/4,1.876,1.835,1.902,1.818
2016/3/3,1.835,1.834,1.863,1.814
2016/3/2,1.835,1.816,1.872,1.804
2016/3/1,1.827,1.737,1.837,1.702
2016/2/29,1.738,1.757,1.768,1.73
2016/2/28,1.757,1.764,1.764,1.755
2016/2/26,1.764,1.724,1.783,1.714
2016/2/25,1.714,1.752,1.76,1.678
2016/2/24,1.752,1.721,1.755,1.647
2016/2/23,1.716,1.757,1.814,1.714
2016/2/22,1.755,1.748,1.783,1.747
2016/2/21,1.748,1.75,1.752,1.748
2016/2/19,1.743,1.74,1.785,1.719
2016/2/18,1.741,1.812,1.829,1.736
2016/2/17,1.816,1.778,1.847,1.74
2016/2/16,1.779,1.772,1.803,1.743
2016/2/15,1.772,1.746,1.777,1.746
2016/2/14,1.746,1.746,1.746,1.746
2016/2/12,1.746,1.663,1.758,1.647
2016/2/11,1.664,1.681,1.683,1.53
2016/2/10,1.673,1.736,1.774,1.67
2016/2/9,1.731,1.745,1.767,1.682
2016/2/8,1.748,1.853,1.87,1.733
2016/2/7,1.853,1.851,1.855,1.849
2016/2/5,1.843,1.848,1.896,1.825
2016/2/4,1.846,1.883,1.91,1.841
2016/2/3,1.883,1.85,1.896,1.793
2016/2/2,1.852,1.943,1.952,1.847
2016/2/1,1.95,1.933,1.966,1.905
2016/1/31,1.933,1.923,1.936,1.923
2016/1/29,1.923,1.987,1.992,1.911
2016/1/28,1.982,1.996,2.038,1.971
2016/1/27,2.003,1.989,2.053,1.98
2016/1/26,2.003,2.005,2.027,1.961
2016/1/25,2.006,2.059,2.064,2.003
2016/1/24,2.059,2.061,2.064,2.057
2016/1/22,2.057,2.035,2.089,2.014
2016/1/21,2.028,1.996,2.035,1.956
2016/1/20,1.988,2.056,2.056,1.939
2016/1/19,2.056,2.047,2.087,2.021
2016/1/18,2.045,2.042,2.047,2.042
2016/1/15,2.037,2.101,2.101,1.986
2016/1/14,2.091,2.077,2.122,2.049
2016/1/13,2.091,2.117,2.151,2.042
2016/1/12,2.105,2.175,2.2,2.08
2016/1/11,2.175,2.126,2.179,2.126
2016/1/10,2.116,2.116,2.116,2.116
2016/1/8,2.116,2.154,2.225,2.112
2016/1/7,2.149,2.183,2.2,2.119
2016/1/6,2.17,2.236,2.244,2.168
2016/1/5,2.239,2.241,2.266,2.223
2016/1/4,2.243,2.293,2.293,2.2
2016/1/3,2.291,2.269,2.293,2.269
2015/12/31,2.269,2.303,2.305,2.266
2015/12/30,2.294,2.3,2.325,2.285
2015/12/29,2.308,2.232,2.319,2.221
2015/12/28,2.232,2.253,2.257,2.213
2015/12/27,2.255,2.245,2.255,2.245
2015/12/24,2.245,2.257,2.266,2.239
2015/12/23,2.259,2.236,2.28,2.234
2015/12/22,2.237,2.195,2.239,2.185
2015/12/21,2.195,2.204,2.225,2.172
2015/12/20,2.202,2.206,2.206,2.202
2015/12/18,2.204,2.23,2.234,2.178
2015/12/17,2.225,2.283,2.285,2.223
2015/12/16,2.298,2.268,2.332,2.25
2015/12/15,2.268,2.218,2.289,2.202
2015/12/14,2.225,2.155,2.23,2.138
2015/12/13,2.148,2.146,2.148,2.145
2015/12/11,2.132,2.236,2.239,2.12
2015/12/10,2.234,2.218,2.239,2.206
2015/12/9,2.211,2.227,2.271,2.197
2015/12/8,2.222,2.236,2.245,2.197
2015/12/7,2.236,2.285,2.292,2.204
2015/12/6,2.285,2.283,2.285,2.283
2015/12/4,2.273,2.303,2.358,2.26
2015/12/3,2.321,2.183,2.347,2.178
2015/12/2,2.178,2.154,2.201,2.154
2015/12/1,2.145,2.217,2.239,2.145
2015/11/30,2.208,2.218,2.245,2.206
2015/11/29,2.217,2.222,2.222,2.217
2015/11/27,2.222,2.222,2.231,2.204
2015/11/26,2.224,2.22,2.225,2.22
2015/11/25,2.234,2.246,2.248,2.224
2015/11/24,2.239,2.243,2.252,2.206
2015/11/23,2.243,2.273,2.297,2.239
2015/11/22,2.264,2.264,2.264,2.264
2015/11/20,2.264,2.255,2.266,2.231
2015/11/19,2.247,2.273,2.276,2.232
2015/11/18,2.273,2.273,2.299,2.259
2015/11/17,2.268,2.275,2.313,2.247
2015/11/16,2.271,2.245,2.278,2.238
2015/11/15,2.243,2.275,2.275,2.243
2015/11/13,2.275,2.317,2.32,2.267
2015/11/12,2.315,2.331,2.354,2.299
2015/11/11,2.331,2.335,2.335,2.331
2015/11/10,2.336,2.347,2.353,2.311
2015/11/9,2.349,2.329,2.377,2.323
2015/11/8,2.327,2.329,2.332,2.327
2015/11/6,2.325,2.236,2.349,2.223
2015/11/5,2.236,2.229,2.263,2.22
2015/11/4,2.227,2.209,2.241,2.198
2015/11/3,2.218,2.167,2.225,2.165
2015/11/2,2.176,2.137,2.189,2.13
2015/11/1,2.135,2.14,2.14,2.131
2015/10/30,2.146,2.162,2.183,2.142
2015/10/29,2.172,2.092,2.18,2.081
2015/10/28,2.101,2.044,2.106,2.028
2015/10/27,2.037,2.055,2.06,2.009
2015/10/26,2.058,2.083,2.085,2.051
2015/10/25,2.083,2.087,2.087,2.081
2015/10/23,2.087,2.035,2.099,2.023
2015/10/22,2.028,2.023,2.055,2.003
2015/10/21,2.028,2.06,2.072,2.017
2015/10/20,2.069,2.024,2.079,2.014
2015/10/19,2.023,2.023,2.056,2.014
2015/10/18,2.024,2.035,2.035,2.024
2015/10/16,2.035,2.026,2.037,2
2015/10/15,2.019,1.988,2.028,1.988
2015/10/14,1.975,2.047,2.049,1.974
2015/10/13,2.042,2.069,2.078,2.037
2015/10/12,2.07,2.069,2.074,2.069
2015/10/9,2.09,2.099,2.138,2.079
2015/10/8,2.102,2.069,2.122,2.033
2015/10/7,2.065,2.037,2.086,2.035
2015/10/6,2.035,2.049,2.077,2.028
2015/10/5,2.058,1.984,2.063,1.977
2015/10/4,1.984,1.991,1.991,1.984
2015/10/3,1.991,1.991,1.991,1.991
2015/10/2,1.991,2.049,2.065,1.904
2015/10/1,2.042,2.042,2.072,2.009
2015/9/30,2.035,2.063,2.104,2.035
2015/9/29,2.06,2.098,2.12,2.042
2015/9/28,2.098,2.157,2.169,2.091
2015/9/27,2.157,2.166,2.166,2.155
2015/9/25,2.166,2.151,2.198,2.137
2015/9/24,2.128,2.146,2.158,2.081
2015/9/23,2.151,2.123,2.173,2.121
2015/9/22,2.132,2.198,2.198,2.114
2015/9/21,2.199,2.148,2.217,2.148
2015/9/20,2.134,2.134,2.134,2.134
2015/9/18,2.134,2.194,2.197,2.126
2015/9/17,2.192,2.298,2.298,2.188
2015/9/16,2.296,2.274,2.303,2.258
2015/9/15,2.292,2.185,2.294,2.164
2015/9/14,2.183,2.201,2.203,2.164
2015/9/13,2.203,2.195,2.204,2.195
2015/9/11,2.187,2.222,2.226,2.172
2015/9/10,2.227,2.183,2.236,2.176
2015/9/9,2.195,2.186,2.254,2.17
2015/9/8,2.186,2.151,2.201,2.126
2015/9/7,2.151,2.131,2.151,2.131
2015/9/4,2.131,2.165,2.169,2.109
2015/9/3,2.163,2.179,2.197,2.151
2015/9/2,2.188,2.161,2.198,2.144
2015/9/1,2.159,2.214,2.214,2.151
2015/8/31,2.214,2.195,2.22,2.136
2015/8/30,2.195,2.184,2.195,2.184
2015/8/28,2.184,2.193,2.197,2.128
2015/8/27,2.191,2.168,2.207,2.133
2015/8/26,2.18,2.057,2.193,2.052
2015/8/25,2.078,2.012,2.136,2.007
2015/8/24,2.012,2.031,2.045,1.905
2015/8/23,2.031,2.045,2.045,2.03
2015/8/21,2.045,2.078,2.091,2.03
2015/8/20,2.073,2.133,2.134,2.07
2015/8/19,2.129,2.194,2.23,2.113
2015/8/18,2.192,2.164,2.203,2.138
2015/8/17,2.17,2.198,2.201,2.145
2015/8/16,2.196,2.187,2.196,2.187
2015/8/14,2.201,2.184,2.221,2.161
2015/8/13,2.189,2.141,2.198,2.112
2015/8/12,2.148,2.15,2.157,2.045
2015/8/11,2.143,2.23,2.232,2.114
2015/8/10,2.232,2.177,2.243,2.175
2015/8/9,2.175,2.173,2.175,2.171
2015/8/7,2.166,2.228,2.254,2.164
2015/8/6,2.227,2.272,2.281,2.218
2015/8/5,2.27,2.234,2.293,2.214
2015/8/4,2.223,2.144,2.228,2.143
2015/8/3,2.15,2.2,2.209,2.139
2015/8/2,2.198,2.196,2.2,2.196
2015/7/31,2.187,2.257,2.286,2.182
2015/7/30,2.257,2.295,2.322,2.255
2015/7/29,2.289,2.259,2.297,2.252
2015/7/28,2.25,2.221,2.266,2.219
2015/7/27,2.216,2.262,2.266,2.21
2015/7/26,2.262,2.264,2.264,2.262
2015/7/24,2.262,2.275,2.286,2.255
2015/7/23,2.269,2.325,2.343,2.268
2015/7/22,2.327,2.331,2.342,2.302
2015/7/21,2.331,2.372,2.403,2.327
2015/7/20,2.38,2.36,2.396,2.342
2015/7/19,2.347,2.347,2.347,2.347
2015/7/18,2.347,2.347,2.347,2.347
2015/7/17,2.347,2.361,2.374,2.332
2015/7/16,2.356,2.374,2.398,2.338
2015/7/15,2.356,2.39,2.432,2.345
2015/7/14,2.397,2.447,2.45,2.388
2015/7/13,2.446,2.388,2.47,2.375
2015/7/12,2.39,2.386,2.392,2.386
2015/7/10,2.401,2.35,2.421,2.334
2015/7/9,2.317,2.197,2.325,2.181
2015/7/8,2.197,2.256,2.256,2.176
2015/7/7,2.255,2.296,2.316,2.185
2015/7/6,2.29,2.274,2.346,2.274
2015/7/5,2.272,2.386,2.386,2.271
2015/7/2,2.386,2.429,2.47,2.364
2015/7/1,2.427,2.373,2.444,2.349
2015/6/30,2.349,2.326,2.378,2.31
2015/6/29,2.328,2.303,2.409,2.292
2015/6/28,2.304,2.306,2.31,2.304
2015/6/26,2.474,2.403,2.489,2.394
2015/6/25,2.412,2.365,2.423,2.364
2015/6/24,2.373,2.4,2.416,2.365
2015/6/23,2.414,2.374,2.429,2.362
2015/6/22,2.374,2.286,2.378,2.279
2015/6/21,2.288,2.261,2.297,2.261
2015/6/19,2.261,2.326,2.326,2.258
2015/6/18,2.334,2.3,2.381,2.261
2015/6/17,2.32,2.309,2.403,2.304
2015/6/16,2.309,2.352,2.356,2.307
2015/6/15,2.36,2.349,2.376,2.313
2015/6/14,2.35,2.356,2.356,2.349
2015/6/12,2.39,2.384,2.406,2.334
2015/6/11,2.381,2.475,2.5,2.377
2015/6/10,2.486,2.433,2.495,2.433
2015/6/9,2.442,2.388,2.449,2.354
2015/6/8,2.382,2.413,2.415,2.366
2015/6/7,2.413,2.409,2.417,2.409
2015/6/5,2.409,2.316,2.442,2.314
2015/6/4,2.309,2.361,2.425,2.296
2015/6/3,2.361,2.259,2.388,2.254
2015/6/2,2.266,2.185,2.277,2.176
2015/6/1,2.183,2.128,2.199,2.106
2015/5/31,2.128,2.127,2.128,2.127
2015/5/30,2.123,2.123,2.123,2.123
2015/5/29,2.123,2.137,2.141,2.09
2015/5/28,2.135,2.135,2.153,2.116
2015/5/27,2.13,2.153,2.176,2.125
2015/5/26,2.142,2.204,2.213,2.132
2015/5/25,2.204,2.214,2.214,2.202
2015/5/22,2.215,2.195,2.241,2.163
2015/5/21,2.195,2.248,2.257,2.183
2015/5/20,2.257,2.28,2.285,2.228
2015/5/19,2.29,2.23,2.303,2.183
2015/5/18,2.234,2.153,2.243,2.139
2015/5/17,2.153,2.151,2.155,2.151
2015/5/15,2.148,2.23,2.234,2.132
2015/5/14,2.235,2.28,2.292,2.223
2015/5/13,2.295,2.26,2.298,2.189
2015/5/12,2.247,2.276,2.366,2.234
2015/5/11,2.287,2.137,2.287,2.13
2015/5/10,2.139,2.142,2.142,2.139
2015/5/8,2.142,2.176,2.2,2.101
2015/5/7,2.178,2.241,2.312,2.167
2015/5/6,2.252,2.185,2.258,2.178
2015/5/5,2.182,2.148,2.201,2.117
2015/5/4,2.146,2.133,2.148,2.087
2015/5/3,2.112,2.112,2.112,2.112
2015/5/1,2.112,2.049,2.124,2.046
2015/4/30,2.035,2.033,2.11,2.019
2015/4/29,2.046,1.986,2.081,1.98
2015/4/28,2.003,1.924,2.007,1.916
2015/4/27,1.926,1.91,1.949,1.895
2015/4/26,1.909,1.91,1.91,1.909
2015/4/24,1.914,1.958,1.972,1.907
2015/4/23,1.954,1.98,1.989,1.935
2015/4/22,1.982,1.909,1.993,1.891
2015/4/21,1.911,1.884,1.919,1.865
2015/4/20,1.886,1.87,1.902,1.853
2015/4/19,1.87,1.865,1.872,1.865
2015/4/17,1.865,1.891,1.912,1.844
2015/4/16,1.895,1.895,1.926,1.869
2015/4/15,1.89,1.891,1.918,1.872
2015/4/14,1.9,1.928,1.932,1.855
2015/4/13,1.93,1.949,1.982,1.926
2015/4/12,1.951,1.949,1.951,1.947
2015/4/10,1.949,1.963,1.967,1.919
2015/4/9,1.963,1.902,1.967,1.876
2015/4/8,1.906,1.888,1.925,1.873
2015/4/7,1.887,1.899,1.928,1.881
2015/4/6,1.899,1.831,1.911,1.826
2015/4/5,1.833,1.842,1.842,1.833
2015/4/3,1.842,1.904,1.906,1.802
2015/4/2,1.913,1.859,1.916,1.831
2015/4/1,1.859,1.93,1.947,1.852
2015/3/31,1.927,1.954,1.968,1.923
2015/3/30,1.953,1.956,1.975,1.941
2015/3/29,1.956,1.96,1.96,1.954
2015/3/27,1.96,2,2.002,1.944
2015/3/26,1.996,1.927,2.012,1.89
2015/3/25,1.927,1.878,1.932,1.852
2015/3/24,1.873,1.92,1.925,1.866
2015/3/23,1.909,1.925,1.942,1.906
2015/3/22,1.925,1.932,1.932,1.925
2015/3/20,1.932,1.965,1.975,1.923
2015/3/19,1.97,1.916,1.989,1.899
2015/3/18,1.918,2.056,2.058,1.906
2015/3/17,2.052,2.08,2.08,2.038
2015/3/16,2.074,2.107,2.107,2.065
2015/3/15,2.105,2.107,2.107,2.105
2015/3/13,2.118,2.116,2.148,2.084
2015/3/12,2.11,2.105,2.123,2.042
2015/3/11,2.109,2.128,2.16,2.096
2015/3/10,2.121,2.201,2.211,2.117
2015/3/9,2.192,2.25,2.25,2.186
2015/3/8,2.25,2.25,2.25,2.249
2015/3/6,2.247,2.121,2.259,2.101
2015/3/5,2.117,2.112,2.147,2.096
2015/3/4,2.119,2.122,2.142,2.094
2015/3/3,2.122,2.08,2.128,2.073
2015/3/2,2.089,2.005,2.096,1.991
2015/3/1,2.005,2.005,2.007,2.005
2015/2/27,1.996,2.026,2.052,1.993
2015/2/26,2.031,1.972,2.038,1.931
2015/2/25,1.972,1.988,2.002,1.957
2015/2/24,1.972,2.066,2.108,1.972
2015/2/23,2.061,2.113,2.136,2.054
2015/2/22,2.115,2.12,2.12,2.115
2015/2/20,2.115,2.119,2.141,2.045
2015/2/19,2.122,2.082,2.126,2.043
2015/2/18,2.085,2.138,2.164,2.043
2015/2/17,2.145,2.017,2.152,1.998
2015/2/16,2.019,2.019,2.023,2.017
2015/2/13,2.047,1.984,2.106,1.976
2015/2/12,1.988,1.997,2.049,1.959
2015/2/11,2.021,1.977,2.028,1.97
2015/2/10,2.004,1.969,2.016,1.96
2015/2/9,1.978,1.941,1.986,1.886
2015/2/8,1.941,1.958,1.958,1.939
2015/2/6,1.958,1.82,1.965,1.796
2015/2/5,1.817,1.738,1.829,1.718
2015/2/4,1.747,1.791,1.846,1.737
2015/2/3,1.798,1.673,1.802,1.661
2015/2/2,1.674,1.653,1.712,1.649
2015/2/1,1.653,1.639,1.653,1.639
2015/1/30,1.639,1.761,1.761,1.637
2015/1/29,1.756,1.727,1.785,1.714
2015/1/28,1.719,1.821,1.835,1.7
2015/1/27,1.828,1.827,1.832,1.748
2015/1/26,1.828,1.767,1.844,1.752
2015/1/25,1.769,1.77,1.772,1.767
2015/1/23,1.789,1.875,1.875,1.781
2015/1/22,1.872,1.868,1.953,1.81
2015/1/21,1.875,1.796,1.875,1.773
2015/1/20,1.791,1.8,1.837,1.759
2015/1/19,1.8,1.809,1.809,1.798
2015/1/16,1.831,1.724,1.839,1.698
2015/1/15,1.728,1.86,1.9,1.702
2015/1/14,1.855,1.9,1.902,1.784
2015/1/13,1.905,1.905,1.945,1.864
2015/1/12,1.909,1.964,1.98,1.902
2015/1/11,1.95,1.95,1.95,1.95
2015/1/9,1.95,2.018,2.028,1.943
2015/1/8,2.018,1.976,2.03,1.968
2015/1/7,1.969,1.944,2.009,1.926
2015/1/6,1.938,2.037,2.039,1.887
2015/1/5,2.034,2.102,2.133,2.027
2015/1/4,2.102,2.114,2.114,2.1
2015/1/2,2.114,2.2,2.213,2.102
2015/1/1,2.17,2.17,2.17,2.17
2014/12/31,2.17,2.183,2.19,2.165
2014/12/30,2.192,2.202,2.209,2.167
2014/12/29,2.204,2.248,2.253,2.193
2014/12/28,2.248,2.252,2.252,2.248
2014/12/26,2.252,2.255,2.266,2.236
2014/12/25,2.255,2.255,2.257,2.253
2014/12/24,2.264,2.26,2.301,2.241
2014/12/23,2.269,2.157,2.271,2.155
2014/12/22,2.156,2.165,2.19,2.149
2014/12/21,2.167,2.169,2.169,2.165
2014/12/19,2.16,2.213,2.234,2.157
2014/12/18,2.208,2.148,2.225,2.111
2014/12/17,2.136,2.061,2.15,2.047
2014/12/16,2.061,2.116,2.118,2.009
2014/12/15,2.115,2.078,2.136,2.071
2014/12/14,2.08,2.083,2.085,2.08
2014/12/12,2.083,2.171,2.171,2.083
2014/12/11,2.169,2.167,2.216,2.139
2014/12/10,2.173,2.218,2.23,2.155
2014/12/9,2.213,2.264,2.271,2.187
2014/12/8,2.259,2.31,2.347,2.243
2014/12/7,2.312,2.306,2.319,2.306
2014/12/5,2.307,2.245,2.331,2.243
2014/12/4,2.236,2.282,2.298,2.236
2014/12/3,2.282,2.292,2.306,2.278
2014/12/2,2.294,2.234,2.296,2.225
2014/12/1,2.236,2.178,2.243,2.15
2014/11/30,2.176,2.173,2.178,2.173
2014/11/28,2.173,2.215,2.225,2.166
2014/11/27,2.215,2.211,2.217,2.211
2014/11/26,2.245,2.259,2.262,2.229
2014/11/25,2.259,2.305,2.317,2.257
2014/11/24,2.305,2.31,2.338,2.299
2014/11/23,2.312,2.312,2.312,2.312
2014/11/21,2.312,2.34,2.354,2.308
2014/11/20,2.338,2.358,2.358,2.303
2014/11/19,2.358,2.317,2.363,2.31
2014/11/18,2.317,2.335,2.342,2.308
2014/11/17,2.34,2.313,2.347,2.282
2014/11/16,2.312,2.319,2.324,2.312
2014/11/14,2.319,2.345,2.377,2.315
2014/11/13,2.345,2.377,2.384,2.34
2014/11/12,2.373,2.373,2.377,2.319
2014/11/11,2.371,2.373,2.373,2.369
2014/11/10,2.36,2.308,2.362,2.273
2014/11/9,2.306,2.308,2.31,2.306
2014/11/7,2.301,2.387,2.407,2.299
2014/11/6,2.382,2.344,2.391,2.326
2014/11/5,2.346,2.333,2.369,2.328
2014/11/4,2.335,2.341,2.351,2.303
2014/11/3,2.346,2.309,2.384,2.301
2014/11/2,2.335,2.335,2.335,2.335
2014/10/31,2.335,2.307,2.359,2.296
2014/10/30,2.308,2.31,2.333,2.28
2014/10/29,2.321,2.296,2.362,2.276
2014/10/28,2.3,2.262,2.3,2.248
2014/10/27,2.259,2.287,2.298,2.243
2014/10/26,2.285,2.266,2.291,2.266
2014/10/24,2.266,2.275,2.278,2.229
2014/10/23,2.277,2.216,2.3,2.201
2014/10/22,2.22,2.216,2.25,2.178
2014/10/21,2.227,2.176,2.227,2.135
2014/10/20,2.193,2.218,2.225,2.16
2014/10/19,2.22,2.199,2.225,2.199
2014/10/17,2.199,2.155,2.229,2.122
2014/10/16,2.151,2.111,2.18,1.978
2014/10/15,2.129,2.204,2.229,1.865
2014/10/14,2.197,2.24,2.264,2.176
2014/10/13,2.238,2.234,2.241,2.234
2014/10/10,2.286,2.316,2.348,2.28
2014/10/9,2.327,2.33,2.345,2.279
2014/10/8,2.318,2.352,2.386,2.311
2014/10/7,2.341,2.421,2.43,2.337
2014/10/6,2.42,2.439,2.452,2.404
2014/10/5,2.441,2.436,2.443,2.436
2014/10/3,2.436,2.436,2.484,2.429
2014/10/2,2.436,2.387,2.439,2.384
2014/10/1,2.389,2.5,2.508,2.384
2014/9/30,2.495,2.479,2.524,2.479
2014/9/29,2.479,2.524,2.54,2.479
2014/9/28,2.526,2.524,2.526,2.522
2014/9/27,2.528,2.528,2.528,2.528
2014/9/26,2.528,2.506,2.549,2.49
2014/9/25,2.504,2.567,2.571,2.502
2014/9/24,2.566,2.531,2.569,2.527
2014/9/23,2.527,2.556,2.556,2.527
2014/9/22,2.566,2.569,2.578,2.547
2014/9/21,2.571,2.578,2.578,2.571
2014/9/19,2.578,2.629,2.655,2.575
2014/9/18,2.618,2.629,2.642,2.594
2014/9/17,2.622,2.591,2.625,2.547
2014/9/16,2.594,2.591,2.596,2.553
2014/9/15,2.591,2.612,2.651,2.582
2014/9/14,2.612,2.612,2.612,2.612
2014/9/13,2.609,2.609,2.609,2.609
2014/9/12,2.609,2.547,2.616,2.545
2014/9/11,2.55,2.532,2.554,2.507
2014/9/10,2.543,2.5,2.543,2.493
2014/9/9,2.502,2.48,2.509,2.478
2014/9/8,2.471,2.45,2.48,2.421
2014/9/7,2.45,2.459,2.459,2.45
2014/9/5,2.459,2.468,2.487,2.387
2014/9/4,2.453,2.403,2.457,2.382
2014/9/3,2.398,2.419,2.467,2.396
2014/9/2,2.423,2.357,2.425,2.354
2014/9/1,2.359,2.345,2.359,2.345
2014/8/31,2.345,2.345,2.345,2.345
2014/8/29,2.345,2.343,2.354,2.325
2014/8/28,2.338,2.357,2.357,2.322
2014/8/27,2.361,2.393,2.394,2.357
2014/8/26,2.398,2.384,2.4,2.368
2014/8/25,2.384,2.41,2.432,2.377
2014/8/24,2.41,2.409,2.41,2.409
2014/8/22,2.403,2.41,2.444,2.378
2014/8/21,2.409,2.434,2.448,2.398
2014/8/20,2.428,2.401,2.446,2.398
2014/8/19,2.403,2.396,2.407,2.361
2014/8/18,2.394,2.356,2.398,2.352
2014/8/17,2.357,2.359,2.359,2.357
2014/8/15,2.341,2.407,2.412,2.303
2014/8/14,2.403,2.43,2.442,2.391
2014/8/13,2.42,2.458,2.471,2.408
2014/8/12,2.449,2.431,2.451,2.415
2014/8/11,2.429,2.431,2.44,2.411
2014/8/10,2.431,2.422,2.433,2.422
2014/8/8,2.422,2.42,2.426,2.349
2014/8/7,2.409,2.471,2.482,2.408
2014/8/6,2.469,2.487,2.489,2.433
2014/8/5,2.489,2.487,2.525,2.473
2014/8/4,2.485,2.502,2.513,2.471
2014/8/3,2.5,2.498,2.5,2.498
2014/8/2,2.494,2.494,2.494,2.494
2014/8/1,2.494,2.562,2.591,2.482
2014/7/31,2.562,2.558,2.614,2.538
2014/7/30,2.56,2.46,2.569,2.458
2014/7/29,2.462,2.491,2.498,2.451
2014/7/28,2.487,2.471,2.496,2.466
2014/7/27,2.469,2.467,2.471,2.467
2014/7/25,2.467,2.503,2.52,2.464
2014/7/24,2.502,2.469,2.522,2.458
2014/7/23,2.469,2.467,2.478,2.449
2014/7/22,2.466,2.473,2.505,2.46
2014/7/21,2.469,2.482,2.491,2.448
2014/7/20,2.482,2.482,2.482,2.482
2014/7/18,2.482,2.451,2.502,2.448
2014/7/17,2.442,2.525,2.527,2.441
2014/7/16,2.53,2.547,2.569,2.527
2014/7/15,2.552,2.547,2.57,2.52
2014/7/14,2.547,2.525,2.55,2.518
2014/7/13,2.523,2.523,2.523,2.523
2014/7/12,2.516,2.516,2.516,2.516
2014/7/11,2.516,2.536,2.547,2.505
2014/7/10,2.538,2.558,2.558,2.494
2014/7/9,2.556,2.559,2.603,2.543
2014/7/8,2.559,2.616,2.621,2.554
2014/7/7,2.614,2.656,2.661,2.608
2014/7/6,2.658,2.654,2.658,2.654
2014/7/3,2.641,2.625,2.692,2.615
2014/7/2,2.628,2.568,2.63,2.548
2014/7/1,2.567,2.53,2.57,2.521
2014/6/30,2.532,2.529,2.548,2.514
2014/6/29,2.53,2.53,2.53,2.53
2014/6/27,2.536,2.527,2.536,2.507
2014/6/26,2.532,2.561,2.568,2.516
2014/6/25,2.561,2.577,2.588,2.529
2014/6/24,2.577,2.619,2.621,2.575
2014/6/23,2.626,2.612,2.63,2.59
2014/6/22,2.612,2.608,2.612,2.608
2014/6/20,2.608,2.622,2.659,2.606
2014/6/19,2.621,2.59,2.646,2.565
2014/6/18,2.59,2.659,2.66,2.586
2014/6/17,2.653,2.601,2.657,2.588
2014/6/16,2.597,2.602,2.613,2.577
2014/6/15,2.602,2.608,2.608,2.602
2014/6/13,2.608,2.606,2.644,2.586
2014/6/12,2.597,2.644,2.658,2.575
2014/6/11,2.64,2.653,2.662,2.613
2014/6/10,2.64,2.602,2.651,2.59
2014/6/9,2.608,2.595,2.628,2.595
2014/6/8,2.593,2.595,2.595,2.593
2014/6/6,2.597,2.582,2.602,2.53
2014/6/5,2.584,2.597,2.647,2.57
2014/6/4,2.606,2.595,2.615,2.568
2014/6/3,2.599,2.529,2.6,2.518
2014/6/2,2.527,2.484,2.541,2.475
2014/6/1,2.482,2.48,2.482,2.48
2014/5/30,2.475,2.466,2.491,2.452
2014/5/29,2.47,2.448,2.47,2.402
2014/5/28,2.445,2.514,2.516,2.434
2014/5/27,2.518,2.539,2.553,2.512
2014/5/26,2.541,2.543,2.545,2.541
2014/5/25,2.536,2.536,2.536,2.536
2014/5/23,2.536,2.552,2.557,2.518
2014/5/22,2.554,2.543,2.568,2.534
2014/5/21,2.534,2.509,2.561,2.5
2014/5/20,2.514,2.543,2.553,2.502
2014/5/19,2.545,2.521,2.546,2.495
2014/5/18,2.521,2.523,2.523,2.52
2014/5/16,2.523,2.495,2.527,2.489
2014/5/15,2.496,2.543,2.562,2.473
2014/5/14,2.548,2.616,2.62,2.525
2014/5/13,2.611,2.661,2.661,2.607
2014/5/12,2.661,2.631,2.665,2.631
2014/5/11,2.632,2.623,2.632,2.623
2014/5/9,2.623,2.611,2.636,2.591
2014/5/8,2.611,2.623,2.634,2.58
2014/5/7,2.59,2.599,2.617,2.577
2014/5/6,2.593,2.606,2.626,2.586
2014/5/5,2.606,2.575,2.613,2.572
2014/5/4,2.586,2.586,2.586,2.586
2014/5/2,2.586,2.615,2.7,2.573
2014/5/1,2.613,2.659,2.662,2.593
2014/4/30,2.646,2.691,2.717,2.644
2014/4/29,2.697,2.708,2.731,2.688
2014/4/28,2.708,2.675,2.71,2.668
2014/4/27,2.673,2.673,2.673,2.673
2014/4/25,2.666,2.686,2.69,2.644
2014/4/24,2.682,2.702,2.733,2.681
2014/4/23,2.693,2.717,2.722,2.677
2014/4/22,2.711,2.717,2.748,2.699
2014/4/21,2.715,2.719,2.733,2.688
2014/4/20,2.719,2.721,2.721,2.711
2014/4/17,2.721,2.632,2.726,2.623
2014/4/16,2.635,2.626,2.661,2.625
2014/4/15,2.63,2.646,2.663,2.596
2014/4/14,2.65,2.603,2.657,2.603
2014/4/13,2.603,2.607,2.607,2.603
2014/4/11,2.628,2.641,2.657,2.607
2014/4/10,2.647,2.695,2.703,2.614
2014/4/9,2.693,2.684,2.723,2.674
2014/4/8,2.683,2.708,2.721,2.674
2014/4/7,2.701,2.723,2.735,2.683
2014/4/6,2.721,2.721,2.723,2.721
2014/4/4,2.726,2.799,2.801,2.721
2014/4/3,2.801,2.806,2.806,2.777
2014/4/2,2.806,2.757,2.81,2.755
2014/4/1,2.755,2.726,2.766,2.724
2014/3/31,2.719,2.724,2.768,2.719
2014/3/30,2.724,2.721,2.724,2.721
2014/3/28,2.723,2.685,2.734,2.67
2014/3/27,2.683,2.695,2.714,2.659
2014/3/26,2.694,2.75,2.763,2.685
2014/3/25,2.75,2.735,2.763,2.721
2014/3/24,2.73,2.757,2.783,2.721
2014/3/23,2.757,2.744,2.757,2.744
2014/3/21,2.746,2.766,2.784,2.741
2014/3/20,2.773,2.768,2.793,2.743
2014/3/19,2.773,2.674,2.793,2.661
2014/3/18,2.674,2.694,2.701,2.661
2014/3/17,2.694,2.642,2.699,2.638
2014/3/16,2.64,2.642,2.644,2.638
2014/3/14,2.656,2.647,2.667,2.61
2014/3/13,2.645,2.734,2.755,2.642
2014/3/12,2.732,2.77,2.773,2.714
2014/3/11,2.77,2.783,2.799,2.763
2014/3/10,2.779,2.79,2.804,2.764
2014/3/9,2.79,2.79,2.793,2.79
2014/3/7,2.79,2.744,2.821,2.721
2014/3/6,2.739,2.703,2.748,2.698
2014/3/5,2.708,2.692,2.719,2.68
2014/3/4,2.701,2.605,2.703,2.603
2014/3/3,2.603,2.61,2.635,2.592
2014/3/2,2.608,2.653,2.653,2.605
2014/2/28,2.649,2.646,2.698,2.633
2014/2/27,2.639,2.673,2.678,2.635
2014/2/26,2.666,2.707,2.719,2.662
2014/2/25,2.703,2.744,2.748,2.698
2014/2/24,2.741,2.736,2.763,2.721
2014/2/23,2.737,2.734,2.739,2.734
2014/2/21,2.732,2.755,2.781,2.73
2014/2/20,2.752,2.734,2.773,2.698
2014/2/19,2.739,2.707,2.743,2.675
2014/2/18,2.709,2.75,2.763,2.696
2014/2/17,2.748,2.752,2.752,2.748
2014/2/14,2.745,2.739,2.755,2.711
2014/2/13,2.734,2.786,2.786,2.727
2014/2/12,2.763,2.72,2.777,2.715
2014/2/11,2.726,2.682,2.733,2.682
2014/2/10,2.669,2.684,2.695,2.664
2014/2/9,2.684,2.686,2.686,2.684
2014/2/7,2.684,2.7,2.726,2.633
2014/2/6,2.702,2.669,2.709,2.658
2014/2/5,2.669,2.629,2.675,2.599
2014/2/4,2.631,2.586,2.635,2.575
2014/2/3,2.577,2.666,2.68,2.57
2014/2/2,2.666,2.662,2.666,2.662
2014/1/31,2.644,2.699,2.71,2.646
2014/1/30,2.697,2.688,2.726,2.675
2014/1/29,2.679,2.775,2.79,2.662
2014/1/28,2.752,2.753,2.785,2.739
2014/1/27,2.75,2.715,2.768,2.71
2014/1/26,2.715,2.71,2.715,2.71
2014/1/24,2.719,2.781,2.788,2.706
2014/1/23,2.779,2.871,2.873,2.759
2014/1/22,2.867,2.83,2.867,2.829
2014/1/21,2.832,2.827,2.867,2.819
2014/1/20,2.829,2.829,2.829,2.827
2014/1/17,2.821,2.845,2.86,2.818
2014/1/16,2.841,2.893,2.893,2.838
2014/1/15,2.893,2.875,2.912,2.86
2014/1/14,2.873,2.836,2.875,2.829
2014/1/13,2.829,2.864,2.865,2.819
2014/1/12,2.858,2.858,2.858,2.858
2014/1/10,2.86,2.973,2.974,2.856
2014/1/9,2.969,2.987,3.001,2.96
2014/1/8,2.991,2.945,3.01,2.945
2014/1/7,2.941,2.961,2.967,2.937
2014/1/6,2.958,3.013,3.013,2.947
2014/1/5,3.012,3.015,3.015,3.012
2014/1/3,2.998,2.984,3.012,2.969
2014/1/2,2.991,3.038,3.041,2.978
2014/1/1,3.026,3.026,3.026,3.026
2013/12/31,3.026,2.98,3.036,2.98
2013/12/30,2.972,3.006,3.015,2.967
2013/12/29,3.006,3.002,3.007,3.002
2013/12/27,3.002,2.989,3.02,2.972
2013/12/26,2.992,2.998,3,2.951
2013/12/25,3,2.981,3,2.981
2013/12/24,2.981,2.929,2.987,2.922
2013/12/23,2.931,2.891,2.935,2.876
2013/12/22,2.885,2.894,2.894,2.885
2013/12/20,2.89,2.94,2.966,2.879
2013/12/19,2.929,2.887,2.951,2.878
2013/12/18,2.896,2.841,2.929,2.824
2013/12/17,2.837,2.874,2.887,2.835
2013/12/16,2.879,2.866,2.887,2.839
2013/12/15,2.868,2.87,2.87,2.866
2013/12/13,2.866,2.877,2.89,2.854
2013/12/12,2.879,2.859,2.888,2.841
2013/12/11,2.855,2.821,2.859,2.803
2013/12/10,2.803,2.844,2.85,2.792
2013/12/9,2.841,2.864,2.866,2.833
2013/12/8,2.866,2.859,2.87,2.859
2013/12/6,2.857,2.879,2.932,2.841
2013/12/5,2.873,2.835,2.877,2.822
2013/12/4,2.837,2.788,2.852,2.777
2013/12/3,2.784,2.801,2.806,2.757
2013/12/2,2.797,2.753,2.81,2.752
2013/12/1,2.752,2.752,2.753,2.75
2013/11/29,2.746,2.746,2.768,2.736
2013/11/28,2.748,2.737,2.75,2.737
2013/11/27,2.739,2.714,2.77,2.708
2013/11/26,2.71,2.719,2.734,2.694
2013/11/25,2.73,2.755,2.77,2.728
2013/11/24,2.753,2.744,2.755,2.744
2013/11/22,2.744,2.784,2.793,2.744
2013/11/21,2.788,2.811,2.839,2.775
2013/11/20,2.804,2.707,2.806,2.685
2013/11/19,2.712,2.669,2.716,2.66
2013/11/18,2.666,2.714,2.721,2.662
2013/11/17,2.714,2.703,2.716,2.703
2013/11/15,2.703,2.696,2.732,2.691
2013/11/14,2.693,2.718,2.739,2.684
2013/11/13,2.716,2.77,2.772,2.688
2013/11/12,2.774,2.766,2.792,2.753
2013/11/11,2.768,2.751,2.768,2.751
2013/11/8,2.751,2.602,2.763,2.593
2013/11/7,2.602,2.644,2.651,2.596
2013/11/6,2.644,2.668,2.673,2.631
2013/11/5,2.67,2.602,2.677,2.594
2013/11/4,2.603,2.615,2.624,2.589
2013/11/3,2.62,2.62,2.62,2.62
2013/11/1,2.62,2.56,2.629,2.554
2013/10/31,2.552,2.542,2.571,2.502
2013/10/30,2.538,2.509,2.549,2.473
2013/10/29,2.503,2.52,2.536,2.5
2013/10/28,2.523,2.514,2.527,2.5
2013/10/27,2.512,2.511,2.514,2.511
2013/10/25,2.511,2.52,2.522,2.494
2013/10/24,2.52,2.5,2.522,2.474
2013/10/23,2.498,2.507,2.509,2.471
2013/10/22,2.511,2.607,2.611,2.509
2013/10/21,2.601,2.59,2.62,2.579
2013/10/20,2.589,2.585,2.59,2.585
2013/10/18,2.583,2.601,2.605,2.54
2013/10/17,2.592,2.671,2.672,2.581
2013/10/16,2.667,2.74,2.759,2.663
2013/10/15,2.728,2.739,2.74,2.691
2013/10/14,2.74,2.74,2.742,2.737
2013/10/11,2.691,2.687,2.693,2.645
2013/10/10,2.683,2.667,2.722,2.667
2013/10/9,2.661,2.623,2.674,2.616
2013/10/8,2.638,2.626,2.659,2.614
2013/10/7,2.63,2.634,2.637,2.606
2013/10/6,2.636,2.634,2.636,2.634
2013/10/4,2.645,2.61,2.659,2.61
2013/10/3,2.605,2.617,2.652,2.581
2013/10/2,2.619,2.659,2.661,2.592
2013/10/1,2.65,2.614,2.666,2.612
2013/9/30,2.615,2.595,2.645,2.59
2013/9/29,2.595,2.628,2.628,2.592
2013/9/27,2.628,2.648,2.67,2.605
2013/9/26,2.648,2.635,2.659,2.622
2013/9/25,2.626,2.657,2.666,2.61
2013/9/24,2.655,2.703,2.708,2.642
2013/9/23,2.701,2.736,2.758,2.697
2013/9/22,2.736,2.736,2.736,2.736
2013/9/20,2.736,2.752,2.774,2.717
2013/9/19,2.752,2.704,2.757,2.675
2013/9/18,2.692,2.844,2.9,2.673
2013/9/17,2.849,2.868,2.874,2.829
2013/9/16,2.862,2.89,2.89,2.777
2013/9/15,2.89,2.89,2.89,2.89
2013/9/13,2.89,2.914,2.957,2.879
2013/9/12,2.905,2.92,2.92,2.862
2013/9/11,2.912,2.97,2.979,2.908
2013/9/10,2.966,2.918,2.972,2.916
2013/9/9,2.914,2.942,2.951,2.875
2013/9/8,2.942,2.934,2.944,2.934
2013/9/7,2.934,2.934,2.934,2.934
2013/9/6,2.934,2.99,3.007,2.864
2013/9/5,2.996,2.895,3.001,2.885
2013/9/4,2.897,2.865,2.908,2.847
2013/9/3,2.863,2.837,2.913,2.813
2013/9/2,2.835,2.837,2.837,2.826
2013/9/1,2.789,2.789,2.789,2.789
2013/8/30,2.789,2.771,2.793,2.744
2013/8/29,2.762,2.778,2.831,2.743
2013/8/28,2.765,2.718,2.795,2.705
2013/8/27,2.709,2.798,2.813,2.707
2013/8/26,2.787,2.824,2.84,2.783
2013/8/25,2.824,2.824,2.826,2.822
2013/8/23,2.818,2.818,2.818,2.818
2013/8/22,2.892,2.892,2.892,2.892
2013/8/21,2.892,2.892,2.892,2.892
2013/8/20,2.818,2.818,2.818,2.818
2013/8/19,2.882,2.882,2.882,2.882
2013/8/18,2.845,2.843,2.847,2.84
2013/8/16,2.825,2.825,2.825,2.825
2013/8/15,2.764,2.764,2.764,2.764
2013/8/14,2.712,2.712,2.712,2.712
2013/8/13,2.721,2.721,2.721,2.721
2013/8/12,2.622,2.622,2.622,2.622
2013/8/11,2.575,2.58,2.58,2.573
2013/8/10,2.58,2.58,2.58,2.58
2013/8/9,2.58,2.58,2.58,2.58
2013/8/8,2.587,2.587,2.587,2.587
2013/8/7,2.599,2.599,2.599,2.599
2013/8/6,2.642,2.642,2.642,2.642
2013/8/5,2.64,2.64,2.64,2.64
2013/8/3,2.598,2.598,2.598,2.598
2013/8/2,2.598,2.598,2.598,2.598
2013/8/1,2.708,2.708,2.708,2.708
2013/7/31,2.588,2.588,2.588,2.588
2013/7/30,2.606,2.606,2.606,2.606
2013/7/29,2.599,2.599,2.599,2.599
2013/7/27,2.564,2.564,2.564,2.564
2013/7/26,2.564,2.564,2.564,2.564
2013/7/25,2.577,2.577,2.577,2.577
2013/7/24,2.584,2.584,2.584,2.584
2013/7/23,2.507,2.507,2.507,2.507
2013/7/22,2.484,2.484,2.484,2.484
2013/7/20,2.482,2.482,2.482,2.482
2013/7/19,2.482,2.482,2.482,2.482
2013/7/18,2.534,2.534,2.534,2.534
2013/7/17,2.491,2.491,2.491,2.491
2013/7/16,2.532,2.532,2.532,2.532
2013/7/15,2.543,2.543,2.543,2.543
2013/7/13,2.592,2.592,2.592,2.592
2013/7/12,2.592,2.592,2.592,2.592
2013/7/11,2.572,2.572,2.572,2.572
2013/7/10,2.674,2.674,2.674,2.674
2013/7/9,2.64,2.64,2.64,2.64
2013/7/8,2.638,2.638,2.638,2.638
2013/7/6,2.736,2.736,2.736,2.736
2013/7/5,2.736,2.736,2.736,2.736
2013/7/4,2.503,2.503,2.503,2.503
2013/7/3,2.503,2.503,2.503,2.503
2013/7/2,2.471,2.471,2.471,2.471
2013/7/1,2.477,2.477,2.477,2.477
2013/6/29,2.487,2.487,2.487,2.487
2013/6/28,2.487,2.487,2.487,2.487
2013/6/27,2.474,2.474,2.474,2.474
2013/6/26,2.541,2.541,2.541,2.541
2013/6/25,2.612,2.612,2.612,2.612
2013/6/24,2.544,2.544,2.544,2.544
2013/6/23,2.542,2.542,2.542,2.542
2013/6/22,2.542,2.542,2.542,2.542
2013/6/21,2.542,2.542,2.542,2.542
2013/6/20,2.421,2.421,2.421,2.421
2013/6/19,2.354,2.354,2.354,2.354
2013/6/18,2.185,2.185,2.185,2.185
2013/6/17,2.178,2.178,2.178,2.178
2013/6/16,2.129,2.129,2.129,2.129
2013/6/15,2.129,2.129,2.129,2.129
2013/6/14,2.13,2.13,2.13,2.13
2013/6/13,2.149,2.149,2.149,2.149
2013/6/12,2.228,2.228,2.228,2.228
2013/6/11,2.19,2.19,2.19,2.19
2013/6/10,2.213,2.213,2.213,2.213
2013/6/8,2.179,2.179,2.179,2.179
2013/6/7,2.179,2.179,2.179,2.179
2013/6/6,2.079,2.079,2.079,2.079
2013/6/5,2.091,2.091,2.091,2.091
2013/6/4,2.15,2.15,2.15,2.15
2013/6/3,2.128,2.128,2.128,2.128
2013/6/1,2.132,2.132,2.132,2.132
2013/5/31,2.132,2.132,2.132,2.132
2013/5/30,2.119,2.119,2.119,2.119
2013/5/29,2.119,2.119,2.119,2.119
2013/5/28,2.167,2.167,2.167,2.167
2013/5/25,2.011,2.011,2.011,2.011
2013/5/24,2.011,2.011,2.011,2.011
2013/5/23,2.016,2.016,2.016,2.016
2013/5/22,2.037,2.037,2.037,2.037
2013/5/21,1.93,1.93,1.93,1.93
2013/5/20,1.965,1.965,1.965,1.965
2013/5/18,1.954,1.954,1.954,1.954
2013/5/17,1.954,1.954,1.954,1.954
2013/5/16,1.879,1.879,1.879,1.879
2013/5/15,1.94,1.94,1.94,1.94
2013/5/14,1.982,1.982,1.982,1.982
2013/5/13,1.917,1.917,1.917,1.917
2013/5/11,1.9,1.9,1.9,1.9
2013/5/10,1.9,1.9,1.9,1.9
2013/5/9,1.813,1.813,1.813,1.813
2013/5/8,1.767,1.767,1.767,1.767
2013/5/7,1.78,1.78,1.78,1.78
2013/5/6,1.764,1.764,1.764,1.764
2013/5/3,1.74,1.74,1.74,1.74
2013/5/2,1.624,1.624,1.624,1.624
2013/5/1,1.632,1.632,1.632,1.632
2013/4/30,1.673,1.673,1.673,1.673
2013/4/29,1.667,1.667,1.667,1.667
2013/4/26,1.665,1.665,1.665,1.665
2013/4/25,1.71,1.71,1.71,1.71
2013/4/24,1.703,1.703,1.703,1.703
2013/4/23,1.706,1.706,1.706,1.706
2013/4/22,1.695,1.695,1.695,1.695
2013/4/19,1.705,1.705,1.705,1.705
2013/4/18,1.686,1.686,1.686,1.686
2013/4/17,1.698,1.698,1.698,1.698
2013/4/16,1.722,1.722,1.722,1.722
2013/4/15,1.688,1.688,1.688,1.688
2013/4/12,1.721,1.721,1.721,1.721
2013/4/11,1.791,1.791,1.791,1.791
2013/4/10,1.805,1.805,1.805,1.805
2013/4/9,1.752,1.752,1.752,1.752
2013/4/8,1.745,1.745,1.745,1.745
2013/4/5,1.714,1.714,1.714,1.714
2013/4/4,1.766,1.766,1.766,1.766
2013/4/3,1.816,1.816,1.816,1.816
2013/4/2,1.862,1.862,1.862,1.862
2013/4/1,1.835,1.835,1.835,1.835
2013/3/28,1.852,1.852,1.852,1.852
2013/3/27,1.845,1.845,1.845,1.845
2013/3/26,1.911,1.911,1.911,1.911
2013/3/25,1.92,1.92,1.92,1.92
2013/3/22,1.927,1.927,1.927,1.927
2013/3/21,1.915,1.915,1.915,1.915
2013/3/20,1.958,1.958,1.958,1.958
2013/3/19,1.904,1.904,1.904,1.904
2013/3/18,1.955,1.955,1.955,1.955
2013/3/15,1.991,1.991,1.991,1.991
2013/3/14,2.037,2.037,2.037,2.037
2013/3/13,2.023,2.023,2.023,2.023
2013/3/12,2.019,2.019,2.019,2.019
2013/3/11,2.061,2.061,2.061,2.061
2013/3/8,2.049,2.049,2.049,2.049
2013/3/7,1.995,1.995,1.995,1.995
2013/3/6,1.939,1.939,1.939,1.939
2013/3/5,1.898,1.898,1.898,1.898
2013/3/4,1.879,1.879,1.879,1.879
2013/3/1,1.845,1.845,1.845,1.845
2013/2/28,1.881,1.881,1.881,1.881
2013/2/27,1.9,1.9,1.9,1.9
2013/2/26,1.886,1.886,1.886,1.886
2013/2/25,1.865,1.865,1.865,1.865
2013/2/22,1.962,1.962,1.962,1.962
2013/2/21,1.974,1.974,1.974,1.974
2013/2/20,2.01,2.01,2.01,2.01
2013/2/19,2.028,2.028,2.028,2.028
2013/2/15,2.005,2.005,2.005,2.005
2013/2/14,1.998,1.998,1.998,1.998
2013/2/13,2.028,2.028,2.028,2.028
2013/2/12,1.979,1.979,1.979,1.979
2013/2/11,1.964,1.964,1.964,1.964
2013/2/8,1.95,1.95,1.95,1.95
2013/2/7,1.959,1.959,1.959,1.959
2013/2/6,1.964,1.964,1.964,1.964
2013/2/5,2.005,2.005,2.005,2.005
2013/2/4,1.957,1.957,1.957,1.957
2013/2/1,2.025,2.025,2.025,2.025
2013/1/31,1.985,1.985,1.985,1.985
2013/1/30,1.992,1.992,1.992,1.992
2013/1/29,1.999,1.999,1.999,1.999
2013/1/28,1.965,1.965,1.965,1.965
2013/1/25,1.949,1.949,1.949,1.949
2013/1/24,1.852,1.852,1.852,1.852
2013/1/23,1.828,1.828,1.828,1.828
2013/1/22,1.843,1.843,1.843,1.843
2013/1/18,1.84,1.84,1.84,1.84
2013/1/17,1.884,1.884,1.884,1.884
2013/1/16,1.819,1.819,1.819,1.819
2013/1/15,1.836,1.836,1.836,1.836
2013/1/14,1.848,1.848,1.848,1.848
2013/1/11,1.866,1.866,1.866,1.866
2013/1/10,1.899,1.899,1.899,1.899
2013/1/9,1.86,1.86,1.86,1.86
2013/1/8,1.864,1.864,1.864,1.864
2013/1/7,1.901,1.901,1.901,1.901
2013/1/4,1.903,1.903,1.903,1.903
2013/1/3,1.911,1.911,1.911,1.911
2013/1/2,1.835,1.835,1.835,1.835
2012/12/31,1.756,1.756,1.756,1.756
2012/12/28,1.701,1.701,1.701,1.701
2012/12/27,1.734,1.734,1.734,1.734
2012/12/26,1.749,1.749,1.749,1.749
2012/12/24,1.776,1.776,1.776,1.776
2012/12/21,1.77,1.77,1.77,1.77
2012/12/20,1.8,1.8,1.8,1.8
2012/12/19,1.807,1.807,1.807,1.807
2012/12/18,1.821,1.821,1.821,1.821
2012/12/17,1.773,1.773,1.773,1.773
2012/12/14,1.704,1.704,1.704,1.704
2012/12/13,1.732,1.732,1.732,1.732
2012/12/12,1.702,1.702,1.702,1.702
2012/12/11,1.656,1.656,1.656,1.656
2012/12/10,1.618,1.618,1.618,1.618
2012/12/7,1.623,1.623,1.623,1.623
2012/12/6,1.586,1.586,1.586,1.586
2012/12/5,1.591,1.591,1.591,1.591
2012/12/4,1.605,1.605,1.605,1.605
2012/12/3,1.622,1.622,1.622,1.622
2012/11/30,1.616,1.616,1.616,1.616
2012/11/29,1.62,1.62,1.62,1.62
2012/11/28,1.633,1.633,1.633,1.633
2012/11/27,1.639,1.639,1.639,1.639
2012/11/26,1.666,1.666,1.666,1.666
2012/11/23,1.693,1.693,1.693,1.693
2012/11/21,1.68,1.68,1.68,1.68
2012/11/20,1.668,1.668,1.668,1.668
2012/11/19,1.613,1.613,1.613,1.613
2012/11/16,1.584,1.584,1.584,1.584
2012/11/15,1.595,1.595,1.595,1.595
2012/11/14,1.589,1.589,1.589,1.589
2012/11/13,1.595,1.595,1.595,1.595
2012/11/9,1.613,1.613,1.613,1.613
2012/11/8,1.618,1.618,1.618,1.618
2012/11/7,1.644,1.644,1.644,1.644
2012/11/6,1.751,1.751,1.751,1.751
2012/11/5,1.679,1.679,1.679,1.679
2012/11/2,1.717,1.717,1.717,1.717
2012/11/1,1.73,1.73,1.73,1.73
2012/10/31,1.694,1.694,1.694,1.694
2012/10/29,1.721,1.721,1.721,1.721
2012/10/26,1.749,1.749,1.749,1.749
2012/10/25,1.812,1.812,1.812,1.812
2012/10/24,1.794,1.794,1.794,1.794
2012/10/23,1.761,1.761,1.761,1.761
2012/10/22,1.815,1.815,1.815,1.815
2012/10/19,1.766,1.766,1.766,1.766
2012/10/18,1.831,1.831,1.831,1.831
2012/10/17,1.822,1.822,1.822,1.822
2012/10/16,1.722,1.722,1.722,1.722
2012/10/15,1.668,1.668,1.668,1.668
2012/10/12,1.656,1.656,1.656,1.656
2012/10/11,1.668,1.668,1.668,1.668
2012/10/10,1.68,1.68,1.68,1.68
2012/10/9,1.713,1.713,1.713,1.713
2012/10/5,1.732,1.732,1.732,1.732
2012/10/4,1.673,1.673,1.673,1.673
2012/10/3,1.616,1.616,1.616,1.616
2012/10/2,1.62,1.62,1.62,1.62
2012/10/1,1.618,1.618,1.618,1.618
2012/9/28,1.633,1.633,1.633,1.633
2012/9/27,1.656,1.656,1.656,1.656
2012/9/26,1.609,1.609,1.609,1.609
2012/9/25,1.671,1.671,1.671,1.671
2012/9/24,1.715,1.715,1.715,1.715
2012/9/21,1.754,1.754,1.754,1.754
2012/9/20,1.765,1.765,1.765,1.765
2012/9/19,1.774,1.774,1.774,1.774
2012/9/18,1.812,1.812,1.812,1.812
2012/9/17,1.843,1.843,1.843,1.843
2012/9/14,1.869,1.869,1.869,1.869
2012/9/13,1.721,1.721,1.721,1.721
2012/9/12,1.758,1.758,1.758,1.758
2012/9/11,1.7,1.7,1.7,1.7
2012/9/10,1.654,1.654,1.654,1.654
2012/9/7,1.668,1.668,1.668,1.668
2012/9/6,1.676,1.676,1.676,1.676
2012/9/5,1.596,1.596,1.596,1.596
2012/9/4,1.574,1.574,1.574,1.574
2012/8/31,1.548,1.548,1.548,1.548
2012/8/30,1.628,1.628,1.628,1.628
2012/8/29,1.652,1.652,1.652,1.652
2012/8/28,1.637,1.637,1.637,1.637
2012/8/27,1.652,1.652,1.652,1.652
2012/8/24,1.687,1.687,1.687,1.687
2012/8/23,1.675,1.675,1.675,1.675
2012/8/22,1.695,1.695,1.695,1.695
2012/8/21,1.802,1.802,1.802,1.802
2012/8/20,1.81,1.81,1.81,1.81
2012/8/17,1.814,1.814,1.814,1.814
2012/8/16,1.835,1.835,1.835,1.835
2012/8/15,1.817,1.817,1.817,1.817
2012/8/14,1.733,1.733,1.733,1.733
2012/8/13,1.666,1.666,1.666,1.666
2012/8/10,1.659,1.659,1.659,1.659
2012/8/9,1.695,1.695,1.695,1.695
2012/8/8,1.651,1.651,1.651,1.651
2012/8/7,1.628,1.628,1.628,1.628
2012/8/6,1.565,1.565,1.565,1.565
2012/8/3,1.568,1.568,1.568,1.568
2012/8/2,1.478,1.478,1.478,1.478
2012/8/1,1.524,1.524,1.524,1.524
2012/7/31,1.47,1.47,1.47,1.47
2012/7/30,1.5,1.5,1.5,1.5
2012/7/27,1.545,1.545,1.545,1.545
2012/7/26,1.438,1.438,1.438,1.438
2012/7/25,1.397,1.397,1.397,1.397
2012/7/24,1.391,1.391,1.391,1.391
2012/7/23,1.438,1.438,1.438,1.438
2012/7/20,1.458,1.458,1.458,1.458
2012/7/19,1.511,1.511,1.511,1.511
2012/7/18,1.494,1.494,1.494,1.494
2012/7/17,1.508,1.508,1.508,1.508
2012/7/16,1.471,1.471,1.471,1.471
2012/7/13,1.491,1.491,1.491,1.491
2012/7/12,1.478,1.478,1.478,1.478
2012/7/11,1.515,1.515,1.515,1.515
2012/7/10,1.502,1.502,1.502,1.502
2012/7/9,1.513,1.513,1.513,1.513
2012/7/6,1.549,1.549,1.549,1.549
2012/7/5,1.599,1.599,1.599,1.599
2012/7/3,1.628,1.628,1.628,1.628
2012/7/2,1.587,1.587,1.587,1.587
2012/6/29,1.643,1.643,1.643,1.643
2012/6/28,1.584,1.584,1.584,1.584
2012/6/27,1.621,1.621,1.621,1.621
2012/6/26,1.628,1.628,1.628,1.628
2012/6/25,1.604,1.604,1.604,1.604
2012/6/22,1.676,1.676,1.676,1.676
2012/6/21,1.62,1.62,1.62,1.62
2012/6/20,1.65,1.65,1.65,1.65
2012/6/19,1.62,1.62,1.62,1.62
2012/6/18,1.574,1.574,1.574,1.574
2012/6/15,1.586,1.586,1.586,1.586
2012/6/14,1.642,1.642,1.642,1.642
2012/6/13,1.599,1.599,1.599,1.599
2012/6/12,1.664,1.664,1.664,1.664
2012/6/11,1.586,1.586,1.586,1.586
2012/6/8,1.632,1.632,1.632,1.632
2012/6/7,1.644,1.644,1.644,1.644
2012/6/6,1.661,1.661,1.661,1.661
2012/6/5,1.573,1.573,1.573,1.573
2012/6/4,1.524,1.524,1.524,1.524
2012/6/1,1.459,1.459,1.459,1.459
2012/5/31,1.563,1.563,1.563,1.563
2012/5/30,1.619,1.619,1.619,1.619
2012/5/29,1.748,1.748,1.748,1.748
2012/5/28,1.745,1.745,1.745,1.745
2012/5/25,1.746,1.746,1.746,1.746
2012/5/24,1.783,1.783,1.783,1.783
2012/5/23,1.733,1.733,1.733,1.733
2012/5/22,1.777,1.777,1.777,1.777
2012/5/21,1.743,1.743,1.743,1.743
2012/5/18,1.723,1.723,1.723,1.723
2012/5/17,1.69,1.69,1.69,1.69
2012/5/16,1.759,1.759,1.759,1.759
2012/5/15,1.77,1.77,1.77,1.77
2012/5/14,1.769,1.769,1.769,1.769
2012/5/11,1.841,1.841,1.841,1.841
2012/5/10,1.874,1.874,1.874,1.874
2012/5/9,1.826,1.826,1.826,1.826
2012/5/8,1.842,1.842,1.842,1.842
2012/5/7,1.873,1.873,1.873,1.873
2012/5/4,1.879,1.879,1.879,1.879
2012/5/3,1.933,1.933,1.933,1.933
2012/5/2,1.928,1.928,1.928,1.928
2012/5/1,1.945,1.945,1.945,1.945
2012/4/30,1.919,1.919,1.919,1.919
2012/4/27,1.937,1.937,1.937,1.937
2012/4/26,1.947,1.947,1.947,1.947
2012/4/25,1.988,1.988,1.988,1.988
2012/4/24,1.974,1.974,1.974,1.974
2012/4/23,1.94,1.94,1.94,1.94
2012/4/20,1.959,1.959,1.959,1.959
2012/4/19,1.968,1.968,1.968,1.968
2012/4/18,1.975,1.975,1.975,1.975
2012/4/17,1.996,1.996,1.996,1.996
2012/4/16,1.982,1.982,1.982,1.982
2012/4/13,1.989,1.989,1.989,1.989
2012/4/12,2.056,2.056,2.056,2.056
2012/4/11,2.037,2.037,2.037,2.037
2012/4/10,1.986,1.986,1.986,1.986
2012/4/9,2.047,2.047,2.047,2.047
2012/4/6,2.047,2.047,2.047,2.047
2012/4/5,2.18,2.18,2.18,2.18
2012/4/4,2.223,2.223,2.223,2.223
2012/4/3,2.293,2.293,2.293,2.293
2012/4/2,2.18,2.18,2.18,2.18
2012/3/30,2.214,2.214,2.214,2.214
2012/3/29,2.159,2.159,2.159,2.159
2012/3/28,2.201,2.201,2.201,2.201
2012/3/27,2.187,2.187,2.187,2.187
2012/3/26,2.253,2.253,2.253,2.253
2012/3/23,2.233,2.233,2.233,2.233
2012/3/22,2.282,2.282,2.282,2.282
2012/3/21,2.296,2.296,2.296,2.296
2012/3/20,2.363,2.363,2.363,2.363
2012/3/19,2.375,2.375,2.375,2.375
2012/3/16,2.298,2.298,2.298,2.298
2012/3/15,2.279,2.279,2.279,2.279
2012/3/14,2.274,2.274,2.274,2.274
2012/3/13,2.126,2.126,2.126,2.126
2012/3/12,2.037,2.037,2.037,2.037
2012/3/9,2.03,2.03,2.03,2.03
2012/3/8,2.016,2.016,2.016,2.016
2012/3/7,1.972,1.972,1.972,1.972
2012/3/6,1.95,1.95,1.95,1.95
2012/3/5,2.007,2.007,2.007,2.007
2012/3/2,1.979,1.979,1.979,1.979
2012/3/1,2.03,2.03,2.03,2.03
2012/2/29,1.974,1.974,1.974,1.974
2012/2/28,1.941,1.941,1.941,1.941
2012/2/27,1.925,1.925,1.925,1.925
2012/2/24,1.977,1.977,1.977,1.977
2012/2/23,1.996,1.996,1.996,1.996
2012/2/22,2.002,2.002,2.002,2.002
2012/2/21,2.061,2.061,2.061,2.061
2012/2/20,2.038,2.038,2.038,2.038
2012/2/17,2,2,2,2
2012/2/16,1.984,1.984,1.984,1.984
2012/2/15,1.933,1.933,1.933,1.933
2012/2/14,1.938,1.938,1.938,1.938
2012/2/13,1.978,1.978,1.978,1.978
2012/2/10,1.984,1.984,1.984,1.984
2012/2/9,2.036,2.036,2.036,2.036
2012/2/8,1.982,1.982,1.982,1.982
2012/2/7,1.977,1.977,1.977,1.977
2012/2/6,1.901,1.901,1.901,1.901
2012/2/3,1.924,1.924,1.924,1.924
2012/2/2,1.823,1.823,1.823,1.823
2012/2/1,1.83,1.83,1.83,1.83
2012/1/31,1.795,1.795,1.795,1.795
2012/1/30,1.846,1.846,1.846,1.846
2012/1/27,1.891,1.891,1.891,1.891
2012/1/26,1.94,1.94,1.94,1.94
2012/1/25,2.002,2.002,2.002,2.002
2012/1/24,2.063,2.063,2.063,2.063
2012/1/23,2.058,2.058,2.058,2.058
2012/1/20,2.025,2.025,2.025,2.025
2012/1/19,1.982,1.982,1.982,1.982
2012/1/18,1.898,1.898,1.898,1.898
2012/1/17,1.858,1.858,1.858,1.858
2012/1/16,1.86,1.86,1.86,1.86
2012/1/13,1.871,1.871,1.871,1.871
2012/1/12,1.926,1.926,1.926,1.926
2012/1/11,1.905,1.905,1.905,1.905
2012/1/10,1.963,1.963,1.963,1.963
2012/1/9,1.956,1.956,1.956,1.956
2012/1/6,1.958,1.958,1.958,1.958
2012/1/5,1.996,1.996,1.996,1.996
2012/1/4,1.984,1.984,1.984,1.984
2012/1/3,1.956,1.956,1.956,1.956
2012/1/2,1.873,1.873,1.873,1.873
2011/12/30,1.876,1.876,1.876,1.876
2011/12/29,1.899,1.899,1.899,1.899
2011/12/28,1.921,1.921,1.921,1.921
2011/12/27,2.002,2.002,2.002,2.002
2011/12/26,2.026,2.026,2.026,2.026
2011/12/23,2.021,2.021,2.021,2.021
2011/12/22,1.953,1.953,1.953,1.953
2011/12/21,1.97,1.97,1.97,1.97
2011/12/20,1.927,1.927,1.927,1.927
2011/12/19,1.81,1.81,1.81,1.81
2011/12/16,1.851,1.851,1.851,1.851
2011/12/15,1.911,1.911,1.911,1.911
2011/12/14,1.904,1.904,1.904,1.904
2011/12/13,1.963,1.963,1.963,1.963
2011/12/12,2.017,2.017,2.017,2.017
2011/12/9,2.063,2.063,2.063,2.063
2011/12/8,1.97,1.97,1.97,1.97
2011/12/7,2.033,2.033,2.033,2.033
2011/12/6,2.086,2.086,2.086,2.086
2011/12/5,2.033,2.033,2.033,2.033
2011/12/2,2.033,2.033,2.033,2.033
2011/12/1,2.086,2.086,2.086,2.086
2011/11/30,2.071,2.071,2.071,2.071
2011/11/29,1.988,1.988,1.988,1.988
2011/11/28,1.97,1.97,1.97,1.97
2011/11/25,1.965,1.965,1.965,1.965
2011/11/24,1.894,1.894,1.894,1.894
2011/11/23,1.888,1.888,1.888,1.888
2011/11/22,1.922,1.922,1.922,1.922
2011/11/21,1.965,1.965,1.965,1.965
2011/11/18,2.005,2.005,2.005,2.005
2011/11/17,1.965,1.965,1.965,1.965
2011/11/16,2,2,2,2
2011/11/15,2.049,2.049,2.049,2.049
2011/11/14,2.045,2.045,2.045,2.045
2011/11/11,2.057,2.057,2.057,2.057
2011/11/10,2.057,2.057,2.057,2.057
2011/11/9,1.966,1.966,1.966,1.966
2011/11/8,2.079,2.079,2.079,2.079
2011/11/7,2.02,2.02,2.02,2.02
2011/11/4,2.038,2.038,2.038,2.038
2011/11/3,2.073,2.073,2.073,2.073
2011/11/2,1.989,1.989,1.989,1.989
2011/11/1,1.991,1.991,1.991,1.991
2011/10/31,2.116,2.116,2.116,2.116
2011/10/28,2.324,2.324,2.324,2.324
2011/10/27,2.385,2.385,2.385,2.385
2011/10/26,2.207,2.207,2.207,2.207
2011/10/25,2.114,2.114,2.114,2.114
2011/10/24,2.234,2.234,2.234,2.234
2011/10/21,2.216,2.216,2.216,2.216
2011/10/20,2.187,2.187,2.187,2.187
2011/10/19,2.157,2.157,2.157,2.157
2011/10/18,2.175,2.175,2.175,2.175
2011/10/17,2.155,2.155,2.155,2.155
2011/10/14,2.251,2.251,2.251,2.251
2011/10/13,2.182,2.182,2.182,2.182
2011/10/12,2.212,2.212,2.212,2.212
2011/10/11,2.159,2.159,2.159,2.159
2011/10/10,2.07,2.07,2.07,2.07
2011/10/7,2.075,2.075,2.075,2.075
2011/10/6,1.992,1.992,1.992,1.992
2011/10/5,1.891,1.891,1.891,1.891
2011/10/4,1.817,1.817,1.817,1.817
2011/10/3,1.749,1.749,1.749,1.749
2011/9/30,1.917,1.917,1.917,1.917
2011/9/29,2.002,2.002,2.002,2.002
2011/9/28,1.987,1.987,1.987,1.987
2011/9/27,1.98,1.98,1.98,1.98
2011/9/26,1.904,1.904,1.904,1.904
2011/9/23,1.83,1.83,1.83,1.83
2011/9/22,1.72,1.72,1.72,1.72
2011/9/21,1.856,1.856,1.856,1.856
2011/9/20,1.937,1.937,1.937,1.937
2011/9/19,1.956,1.956,1.956,1.956
2011/9/16,2.057,2.057,2.057,2.057
2011/9/15,2.083,2.083,2.083,2.083
2011/9/14,1.992,1.992,1.992,1.992
2011/9/13,1.992,1.992,1.992,1.992
2011/9/12,1.948,1.948,1.948,1.948
2011/9/9,1.915,1.915,1.915,1.915
2011/9/8,1.977,1.977,1.977,1.977
2011/9/7,2.041,2.041,2.041,2.041
2011/9/6,1.982,1.982,1.982,1.982
2011/9/5,1.988,1.988,1.988,1.988
2011/9/2,1.994,1.994,1.994,1.994
2011/9/1,2.132,2.132,2.132,2.132
2011/8/31,2.234,2.234,2.234,2.234
2011/8/30,2.176,2.176,2.176,2.176
2011/8/29,2.264,2.264,2.264,2.264
2011/8/26,2.19,2.19,2.19,2.19
2011/8/25,2.234,2.234,2.234,2.234
2011/8/24,2.294,2.294,2.294,2.294
2011/8/23,2.158,2.158,2.158,2.158
2011/8/22,2.109,2.109,2.109,2.109
2011/8/19,2.067,2.067,2.067,2.067
2011/8/18,2.068,2.068,2.068,2.068
2011/8/17,2.167,2.167,2.167,2.167
2011/8/16,2.225,2.225,2.225,2.225
2011/8/15,2.308,2.308,2.308,2.308
2011/8/12,2.26,2.26,2.26,2.26
2011/8/11,2.333,2.333,2.333,2.333
2011/8/10,2.095,2.095,2.095,2.095
2011/8/9,2.275,2.275,2.275,2.275
2011/8/8,2.316,2.316,2.316,2.316
2011/8/5,2.563,2.563,2.563,2.563
2011/8/4,2.407,2.407,2.407,2.407
2011/8/3,2.615,2.615,2.615,2.615
2011/8/2,2.613,2.613,2.613,2.613
2011/8/1,2.753,2.753,2.753,2.753
2011/7/29,2.792,2.792,2.792,2.792
2011/7/28,2.955,2.955,2.955,2.955
2011/7/27,2.982,2.982,2.982,2.982
2011/7/26,2.955,2.955,2.955,2.955
2011/7/25,3.004,3.004,3.004,3.004
2011/7/22,2.964,2.964,2.964,2.964
2011/7/21,3.014,3.014,3.014,3.014
2011/7/20,2.931,2.931,2.931,2.931
2011/7/19,2.878,2.878,2.878,2.878
2011/7/18,2.92,2.92,2.92,2.92
2011/7/15,2.908,2.908,2.908,2.908
2011/7/14,2.953,2.953,2.953,2.953
2011/7/13,2.884,2.884,2.884,2.884
2011/7/12,2.877,2.877,2.877,2.877
2011/7/11,2.924,2.924,2.924,2.924
2011/7/8,3.03,3.03,3.03,3.03
2011/7/7,3.138,3.138,3.138,3.138
2011/7/6,3.11,3.11,3.11,3.11
2011/7/5,3.119,3.119,3.119,3.119
2011/7/4,3.2,3.2,3.2,3.2
2011/7/1,3.182,3.182,3.182,3.182
2011/6/30,3.16,3.16,3.16,3.16
2011/6/29,3.121,3.121,3.121,3.121
2011/6/28,3.034,3.034,3.034,3.034
2011/6/27,2.932,2.932,2.932,2.932
2011/6/24,2.871,2.871,2.871,2.871
2011/6/23,2.914,2.914,2.914,2.914
2011/6/22,2.98,2.98,2.98,2.98
2011/6/21,2.98,2.98,2.98,2.98
2011/6/20,2.956,2.956,2.956,2.956
2011/6/17,2.944,2.944,2.944,2.944
2011/6/16,2.926,2.926,2.926,2.926
2011/6/15,2.967,2.967,2.967,2.967
2011/6/14,3.099,3.099,3.099,3.099
2011/6/13,2.984,2.984,2.984,2.984
2011/6/10,2.973,2.973,2.973,2.973
2011/6/9,2.997,2.997,2.997,2.997
2011/6/8,2.946,2.946,2.946,2.946
2011/6/7,3,3,3,3
2011/6/6,2.997,2.997,2.997,2.997
2011/6/3,2.991,2.991,2.991,2.991
2011/6/2,3.031,3.031,3.031,3.031
2011/6/1,2.944,2.944,2.944,2.944
2011/5/31,3.059,3.059,3.059,3.059
2011/5/30,3.062,3.062,3.062,3.062
2011/5/27,3.072,3.072,3.072,3.072
2011/5/26,3.059,3.059,3.059,3.059
2011/5/25,3.132,3.132,3.132,3.132
2011/5/24,3.116,3.116,3.116,3.116
2011/5/23,3.129,3.129,3.129,3.129
2011/5/20,3.147,3.147,3.147,3.147
2011/5/19,3.173,3.173,3.173,3.173
2011/5/18,3.184,3.184,3.184,3.184
2011/5/17,3.114,3.114,3.114,3.114
2011/5/16,3.147,3.147,3.147,3.147
2011/5/13,3.169,3.169,3.169,3.169
2011/5/12,3.226,3.226,3.226,3.226
2011/5/11,3.156,3.156,3.156,3.156
2011/5/10,3.213,3.213,3.213,3.213
2011/5/9,3.157,3.157,3.157,3.157
2011/5/6,3.15,3.15,3.15,3.15
2011/5/5,3.152,3.152,3.152,3.152
2011/5/4,3.221,3.221,3.221,3.221
2011/5/3,3.251,3.251,3.251,3.251
2011/5/2,3.281,3.281,3.281,3.281
2011/4/29,3.29,3.29,3.29,3.29
2011/4/28,3.316,3.316,3.316,3.316
2011/4/27,3.357,3.357,3.357,3.357
2011/4/26,3.309,3.309,3.309,3.309
2011/4/25,3.366,3.366,3.366,3.366
2011/4/22,3.394,3.394,3.394,3.394
2011/4/21,3.394,3.394,3.394,3.394
2011/4/20,3.408,3.408,3.408,3.408
2011/4/19,3.365,3.365,3.365,3.365
2011/4/18,3.38,3.38,3.38,3.38
2011/4/15,3.413,3.413,3.413,3.413
2011/4/14,3.496,3.496,3.496,3.496
2011/4/13,3.458,3.458,3.458,3.458
2011/4/12,3.492,3.492,3.492,3.492
2011/4/11,3.587,3.587,3.587,3.587
2011/4/8,3.583,3.583,3.583,3.583
2011/4/7,3.549,3.549,3.549,3.549
2011/4/6,3.549,3.549,3.549,3.549
2011/4/5,3.487,3.487,3.487,3.487
2011/4/4,3.425,3.425,3.425,3.425
2011/4/1,3.45,3.45,3.45,3.45
2011/3/31,3.47,3.47,3.47,3.47
2011/3/30,3.444,3.444,3.444,3.444
2011/3/29,3.491,3.491,3.491,3.491
2011/3/28,3.441,3.441,3.441,3.441
2011/3/25,3.442,3.442,3.442,3.442
2011/3/24,3.407,3.407,3.407,3.407
2011/3/23,3.354,3.354,3.354,3.354
2011/3/22,3.328,3.328,3.328,3.328
2011/3/21,3.332,3.332,3.332,3.332
2011/3/18,3.268,3.268,3.268,3.268
2011/3/17,3.257,3.257,3.257,3.257
2011/3/16,3.192,3.192,3.192,3.192
2011/3/15,3.307,3.307,3.307,3.307
2011/3/14,3.365,3.365,3.365,3.365
2011/3/11,3.402,3.402,3.402,3.402
2011/3/10,3.362,3.362,3.362,3.362
2011/3/9,3.469,3.469,3.469,3.469
2011/3/8,3.551,3.551,3.551,3.551
2011/3/7,3.516,3.516,3.516,3.516
2011/3/4,3.492,3.492,3.492,3.492
2011/3/3,3.559,3.559,3.559,3.559
2011/3/2,3.471,3.471,3.471,3.471
2011/3/1,3.403,3.403,3.403,3.403
2011/2/28,3.422,3.422,3.422,3.422
2011/2/25,3.416,3.416,3.416,3.416
2011/2/24,3.45,3.45,3.45,3.45
2011/2/23,3.483,3.483,3.483,3.483
2011/2/22,3.459,3.459,3.459,3.459
2011/2/21,3.576,3.576,3.576,3.576
2011/2/18,3.582,3.582,3.582,3.582
2011/2/17,3.576,3.576,3.576,3.576
2011/2/16,3.623,3.623,3.623,3.623
2011/2/15,3.604,3.604,3.604,3.604
2011/2/14,3.625,3.625,3.625,3.625
2011/2/11,3.638,3.638,3.638,3.638
2011/2/10,3.702,3.702,3.702,3.702
2011/2/9,3.652,3.652,3.652,3.652
2011/2/8,3.737,3.737,3.737,3.737
2011/2/7,3.64,3.64,3.64,3.64
2011/2/4,3.638,3.638,3.638,3.638
2011/2/3,3.547,3.547,3.547,3.547
2011/2/2,3.479,3.479,3.479,3.479
2011/2/1,3.435,3.435,3.435,3.435
2011/1/31,3.374,3.374,3.374,3.374
2011/1/28,3.329,3.329,3.329,3.329
2011/1/27,3.389,3.389,3.389,3.389
2011/1/26,3.421,3.421,3.421,3.421
2011/1/25,3.33,3.33,3.33,3.33
2011/1/24,3.406,3.406,3.406,3.406
2011/1/21,3.408,3.408,3.408,3.408
2011/1/20,3.451,3.451,3.451,3.451
2011/1/19,3.337,3.337,3.337,3.337
2011/1/18,3.37,3.37,3.37,3.37
2011/1/17,3.315,3.315,3.315,3.315
2011/1/14,3.331,3.331,3.331,3.331
2011/1/13,3.299,3.299,3.299,3.299
2011/1/12,3.367,3.367,3.367,3.367
2011/1/11,3.34,3.34,3.34,3.34
2011/1/10,3.287,3.287,3.287,3.287
2011/1/7,3.328,3.328,3.328,3.328
2011/1/6,3.399,3.399,3.399,3.399
2011/1/5,3.463,3.463,3.463,3.463
2011/1/4,3.338,3.338,3.338,3.338
2011/1/3,3.334,3.334,3.334,3.334
2010/12/31,3.288,3.288,3.288,3.288
2010/12/30,3.367,3.367,3.367,3.367
2010/12/29,3.355,3.355,3.355,3.355
2010/12/28,3.482,3.482,3.482,3.482
2010/12/27,3.327,3.327,3.327,3.327
2010/12/24,3.414,3.414,3.414,3.414
2010/12/23,3.397,3.397,3.397,3.397
2010/12/22,3.348,3.348,3.348,3.348
2010/12/21,3.303,3.303,3.303,3.303
2010/12/20,3.34,3.34,3.34,3.34
2010/12/17,3.332,3.332,3.332,3.332
2010/12/16,3.434,3.434,3.434,3.434
2010/12/15,3.538,3.538,3.538,3.538
2010/12/14,3.473,3.473,3.473,3.473
2010/12/13,3.277,3.277,3.277,3.277
2010/12/10,3.323,3.323,3.323,3.323
2010/12/9,3.213,3.213,3.213,3.213
2010/12/8,3.272,3.272,3.272,3.272
2010/12/7,3.135,3.135,3.135,3.135
2010/12/6,2.929,2.929,2.929,2.929
2010/12/3,3.007,3.007,3.007,3.007
2010/12/2,2.996,2.996,2.996,2.996
2010/12/1,2.966,2.966,2.966,2.966
2010/11/30,2.797,2.797,2.797,2.797
2010/11/29,2.826,2.826,2.826,2.826
2010/11/26,2.87,2.87,2.87,2.87
2010/11/25,2.911,2.911,2.911,2.911
2010/11/24,2.912,2.912,2.912,2.912
2010/11/23,2.782,2.782,2.782,2.782
2010/11/22,2.806,2.806,2.806,2.806
2010/11/19,2.873,2.873,2.873,2.873
2010/11/18,2.901,2.901,2.901,2.901
2010/11/17,2.882,2.882,2.882,2.882
2010/11/16,2.845,2.845,2.845,2.845
2010/11/15,2.967,2.967,2.967,2.967
2010/11/12,2.789,2.789,2.789,2.789
2010/11/11,2.656,2.656,2.656,2.656
2010/11/10,2.639,2.639,2.639,2.639
2010/11/9,2.663,2.663,2.663,2.663
2010/11/8,2.558,2.558,2.558,2.558
2010/11/5,2.539,2.539,2.539,2.539
2010/11/4,2.493,2.493,2.493,2.493
2010/11/3,2.579,2.579,2.579,2.579
2010/11/2,2.587,2.587,2.587,2.587
2010/11/1,2.625,2.625,2.625,2.625
2010/10/29,2.603,2.603,2.603,2.603
2010/10/28,2.659,2.659,2.659,2.659
2010/10/27,2.722,2.722,2.722,2.722
2010/10/26,2.645,2.645,2.645,2.645
2010/10/25,2.565,2.565,2.565,2.565
2010/10/22,2.561,2.561,2.561,2.561
2010/10/21,2.542,2.542,2.542,2.542
2010/10/20,2.481,2.481,2.481,2.481
2010/10/19,2.481,2.481,2.481,2.481
2010/10/18,2.515,2.515,2.515,2.515
2010/10/15,2.567,2.567,2.567,2.567
2010/10/14,2.509,2.509,2.509,2.509
2010/10/13,2.429,2.429,2.429,2.429
2010/10/12,2.433,2.433,2.433,2.433
2010/10/11,2.389,2.389,2.389,2.389
2010/10/8,2.396,2.396,2.396,2.396
2010/10/7,2.385,2.385,2.385,2.385
2010/10/6,2.401,2.401,2.401,2.401
2010/10/5,2.474,2.474,2.474,2.474
2010/10/4,2.479,2.479,2.479,2.479
2010/10/1,2.513,2.513,2.513,2.513
2010/9/30,2.512,2.512,2.512,2.512
2010/9/29,2.505,2.505,2.505,2.505
2010/9/28,2.467,2.467,2.467,2.467
2010/9/27,2.531,2.531,2.531,2.531
2010/9/24,2.61,2.61,2.61,2.61
2010/9/23,2.553,2.553,2.553,2.553
2010/9/22,2.555,2.555,2.555,2.555
2010/9/21,2.576,2.576,2.576,2.576
2010/9/20,2.704,2.704,2.704,2.704
2010/9/17,2.739,2.739,2.739,2.739
2010/9/16,2.764,2.764,2.764,2.764
2010/9/15,2.723,2.723,2.723,2.723
2010/9/14,2.683,2.683,2.683,2.683
2010/9/13,2.746,2.746,2.746,2.746
2010/9/10,2.795,2.795,2.795,2.795
2010/9/9,2.762,2.762,2.762,2.762
2010/9/8,2.654,2.654,2.654,2.654
2010/9/7,2.598,2.598,2.598,2.598
2010/9/6,2.714,2.714,2.714,2.714
2010/9/3,2.702,2.702,2.702,2.702
2010/9/2,2.625,2.625,2.625,2.625
2010/9/1,2.58,2.58,2.58,2.58
2010/8/31,2.47,2.47,2.47,2.47
2010/8/30,2.53,2.53,2.53,2.53
2010/8/27,2.647,2.647,2.647,2.647
2010/8/26,2.481,2.481,2.481,2.481
2010/8/25,2.539,2.539,2.539,2.539
2010/8/24,2.488,2.488,2.488,2.488
2010/8/23,2.602,2.602,2.602,2.602
2010/8/20,2.614,2.614,2.614,2.614
2010/8/19,2.575,2.575,2.575,2.575
2010/8/18,2.638,2.638,2.638,2.638
2010/8/17,2.641,2.641,2.641,2.641
2010/8/16,2.573,2.573,2.573,2.573
2010/8/13,2.679,2.679,2.679,2.679
2010/8/12,2.753,2.753,2.753,2.753
2010/8/11,2.687,2.687,2.687,2.687
2010/8/10,2.768,2.768,2.768,2.768
2010/8/9,2.829,2.829,2.829,2.829
2010/8/6,2.822,2.822,2.822,2.822
2010/8/5,2.906,2.906,2.906,2.906
2010/8/4,2.953,2.953,2.953,2.953
2010/8/3,2.909,2.909,2.909,2.909
2010/8/2,2.963,2.963,2.963,2.963
2010/7/30,2.905,2.905,2.905,2.905
2010/7/29,2.988,2.988,2.988,2.988
2010/7/28,2.99,2.99,2.99,2.99
2010/7/27,3.049,3.049,3.049,3.049
2010/7/26,2.996,2.996,2.996,2.996
2010/7/23,3,3,3,3
2010/7/22,2.932,2.932,2.932,2.932
2010/7/21,2.882,2.882,2.882,2.882
2010/7/20,2.954,2.954,2.954,2.954
2010/7/19,2.961,2.961,2.961,2.961
2010/7/16,2.925,2.925,2.925,2.925
2010/7/15,2.997,2.997,2.997,2.997
2010/7/14,3.05,3.05,3.05,3.05
2010/7/13,3.124,3.124,3.124,3.124
2010/7/12,3.066,3.066,3.066,3.066
2010/7/9,3.056,3.056,3.056,3.056
2010/7/8,3.034,3.034,3.034,3.034
2010/7/7,2.986,2.986,2.986,2.986
2010/7/6,2.936,2.936,2.936,2.936
2010/7/5,2.98,2.98,2.98,2.98
2010/7/2,2.984,2.984,2.984,2.984
2010/7/1,2.954,2.954,2.954,2.954
2010/6/30,2.935,2.935,2.935,2.935
2010/6/29,2.953,2.953,2.953,2.953
2010/6/28,3.023,3.023,3.023,3.023
2010/6/25,3.11,3.11,3.11,3.11
2010/6/24,3.143,3.143,3.143,3.143
2010/6/23,3.124,3.124,3.124,3.124
2010/6/22,3.165,3.165,3.165,3.165
2010/6/21,3.243,3.243,3.243,3.243
2010/6/18,3.225,3.225,3.225,3.225
2010/6/17,3.194,3.194,3.194,3.194
2010/6/16,3.264,3.264,3.264,3.264
2010/6/15,3.306,3.306,3.306,3.306
2010/6/14,3.262,3.262,3.262,3.262
2010/6/11,3.233,3.233,3.233,3.233
2010/6/10,3.325,3.325,3.325,3.325
2010/6/9,3.178,3.178,3.178,3.178
2010/6/8,3.189,3.189,3.189,3.189
2010/6/7,3.146,3.146,3.146,3.146
2010/6/4,3.208,3.208,3.208,3.208
2010/6/3,3.369,3.369,3.369,3.369
2010/6/2,3.347,3.347,3.347,3.347
2010/6/1,3.263,3.263,3.263,3.263
2010/5/31,3.3,3.3,3.3,3.3
2010/5/28,3.303,3.303,3.303,3.303
2010/5/27,3.357,3.357,3.357,3.357
2010/5/26,3.192,3.192,3.192,3.192
2010/5/25,3.16,3.16,3.16,3.16
2010/5/24,3.198,3.198,3.198,3.198
2010/5/21,3.236,3.236,3.236,3.236
2010/5/20,3.216,3.216,3.216,3.216
2010/5/19,3.37,3.37,3.37,3.37
2010/5/18,3.353,3.353,3.353,3.353
2010/5/17,3.491,3.491,3.491,3.491
2010/5/14,3.455,3.455,3.455,3.455
2010/5/13,3.537,3.537,3.537,3.537
2010/5/12,3.571,3.571,3.571,3.571
2010/5/11,3.527,3.527,3.527,3.527
2010/5/10,3.544,3.544,3.544,3.544
2010/5/7,3.42,3.42,3.42,3.42
2010/5/6,3.405,3.405,3.405,3.405
2010/5/5,3.546,3.546,3.546,3.546
2010/5/4,3.598,3.598,3.598,3.598
2010/5/3,3.692,3.692,3.692,3.692
2010/4/30,3.659,3.659,3.659,3.659
2010/4/29,3.73,3.73,3.73,3.73
2010/4/28,3.767,3.767,3.767,3.767
2010/4/27,3.693,3.693,3.693,3.693
2010/4/26,3.809,3.809,3.809,3.809
2010/4/23,3.817,3.817,3.817,3.817
2010/4/22,3.77,3.77,3.77,3.77
2010/4/21,3.738,3.738,3.738,3.738
2010/4/20,3.797,3.797,3.797,3.797
2010/4/19,3.803,3.803,3.803,3.803
2010/4/16,3.77,3.77,3.77,3.77
2010/4/15,3.836,3.836,3.836,3.836
2010/4/14,3.865,3.865,3.865,3.865
2010/4/13,3.82,3.82,3.82,3.82
2010/4/12,3.838,3.838,3.838,3.838
2010/4/9,3.881,3.881,3.881,3.881
2010/4/8,3.89,3.89,3.89,3.89
2010/4/7,3.863,3.863,3.863,3.863
2010/4/6,3.956,3.956,3.956,3.956
2010/4/5,3.99,3.99,3.99,3.99
2010/4/2,3.943,3.943,3.943,3.943
2010/4/1,3.87,3.87,3.87,3.87
2010/3/31,3.833,3.833,3.833,3.833
2010/3/30,3.858,3.858,3.858,3.858
2010/3/29,3.866,3.866,3.866,3.866
2010/3/26,3.851,3.851,3.851,3.851
2010/3/25,3.881,3.881,3.881,3.881
2010/3/24,3.854,3.854,3.854,3.854
2010/3/23,3.687,3.687,3.687,3.687
2010/3/22,3.661,3.661,3.661,3.661
2010/3/19,3.693,3.693,3.693,3.693
2010/3/18,3.682,3.682,3.682,3.682
2010/3/17,3.642,3.642,3.642,3.642
2010/3/16,3.653,3.653,3.653,3.653
2010/3/15,3.697,3.697,3.697,3.697
2010/3/12,3.703,3.703,3.703,3.703
2010/3/11,3.729,3.729,3.729,3.729
2010/3/10,3.721,3.721,3.721,3.721
2010/3/9,3.7,3.7,3.7,3.7
2010/3/8,3.721,3.721,3.721,3.721
2010/3/5,3.682,3.682,3.682,3.682
2010/3/4,3.606,3.606,3.606,3.606
2010/3/3,3.621,3.621,3.621,3.621
2010/3/2,3.608,3.608,3.608,3.608
2010/3/1,3.608,3.608,3.608,3.608
2010/2/26,3.619,3.619,3.619,3.619
2010/2/25,3.632,3.632,3.632,3.632
2010/2/24,3.695,3.695,3.695,3.695
2010/2/23,3.689,3.689,3.689,3.689
2010/2/22,3.797,3.797,3.797,3.797
2010/2/19,3.776,3.776,3.776,3.776
2010/2/18,3.807,3.807,3.807,3.807
2010/2/17,3.735,3.735,3.735,3.735
2010/2/16,3.663,3.663,3.663,3.663
2010/2/12,3.695,3.695,3.695,3.695
2010/2/11,3.721,3.721,3.721,3.721
2010/2/10,3.69,3.69,3.69,3.69
2010/2/9,3.647,3.647,3.647,3.647
2010/2/8,3.562,3.562,3.562,3.562
2010/2/5,3.571,3.571,3.571,3.571
2010/2/4,3.61,3.61,3.61,3.61
2010/2/3,3.707,3.707,3.707,3.707
2010/2/2,3.64,3.64,3.64,3.64
2010/2/1,3.656,3.656,3.656,3.656
2010/1/29,3.588,3.588,3.588,3.588
2010/1/28,3.642,3.642,3.642,3.642
2010/1/27,3.65,3.65,3.65,3.65
2010/1/26,3.621,3.621,3.621,3.621
2010/1/25,3.63,3.63,3.63,3.63
2010/1/22,3.601,3.601,3.601,3.601
2010/1/21,3.595,3.595,3.595,3.595
2010/1/20,3.653,3.653,3.653,3.653
2010/1/19,3.698,3.698,3.698,3.698
2010/1/15,3.676,3.676,3.676,3.676
2010/1/14,3.742,3.742,3.742,3.742
2010/1/13,3.793,3.793,3.793,3.793
2010/1/12,3.717,3.717,3.717,3.717
2010/1/11,3.824,3.824,3.824,3.824
2010/1/8,3.836,3.836,3.836,3.836
2010/1/7,3.827,3.827,3.827,3.827
2010/1/6,3.829,3.829,3.829,3.829
2010/1/5,3.763,3.763,3.763,3.763
2010/1/4,3.823,3.823,3.823,3.823
2009/12/31,3.837,3.837,3.837,3.837
2009/12/30,3.793,3.793,3.793,3.793
2009/12/29,3.803,3.803,3.803,3.803
2009/12/28,3.848,3.848,3.848,3.848
2009/12/24,3.805,3.805,3.805,3.805
2009/12/23,3.754,3.754,3.754,3.754
2009/12/22,3.758,3.758,3.758,3.758
2009/12/21,3.68,3.68,3.68,3.68
2009/12/18,3.546,3.546,3.546,3.546
2009/12/17,3.482,3.482,3.482,3.482
2009/12/16,3.598,3.598,3.598,3.598
2009/12/15,3.594,3.594,3.594,3.594
2009/12/14,3.552,3.552,3.552,3.552
2009/12/11,3.554,3.554,3.554,3.554
2009/12/10,3.501,3.501,3.501,3.501
2009/12/9,3.433,3.433,3.433,3.433
2009/12/8,3.384,3.384,3.384,3.384
2009/12/7,3.429,3.429,3.429,3.429
2009/12/4,3.478,3.478,3.478,3.478
2009/12/3,3.379,3.379,3.379,3.379
2009/12/2,3.314,3.314,3.314,3.314
2009/12/1,3.284,3.284,3.284,3.284
2009/11/30,3.198,3.198,3.198,3.198
2009/11/27,3.207,3.207,3.207,3.207
2009/11/25,3.268,3.268,3.268,3.268
2009/11/24,3.304,3.304,3.304,3.304
2009/11/23,3.353,3.353,3.353,3.353
2009/11/20,3.369,3.369,3.369,3.369
2009/11/19,3.342,3.342,3.342,3.342
2009/11/18,3.366,3.366,3.366,3.366
2009/11/17,3.323,3.323,3.323,3.323
2009/11/16,3.349,3.349,3.349,3.349
2009/11/13,3.423,3.423,3.423,3.423
2009/11/12,3.444,3.444,3.444,3.444
2009/11/11,3.444,3.444,3.444,3.444
2009/11/10,3.478,3.478,3.478,3.478
2009/11/9,3.484,3.484,3.484,3.484
2009/11/6,3.501,3.501,3.501,3.501
2009/11/5,3.527,3.527,3.527,3.527
2009/11/4,3.52,3.52,3.52,3.52
2009/11/3,3.469,3.469,3.469,3.469
2009/11/2,3.424,3.424,3.424,3.424
2009/10/30,3.388,3.388,3.388,3.388
2009/10/29,3.495,3.495,3.495,3.495
2009/10/28,3.415,3.415,3.415,3.415
2009/10/27,3.452,3.452,3.452,3.452
2009/10/26,3.558,3.558,3.558,3.558
2009/10/23,3.494,3.494,3.494,3.494
2009/10/22,3.421,3.421,3.421,3.421
2009/10/21,3.393,3.393,3.393,3.393
2009/10/20,3.341,3.341,3.341,3.341
2009/10/19,3.387,3.387,3.387,3.387
2009/10/16,3.412,3.412,3.412,3.412
2009/10/15,3.464,3.464,3.464,3.464
2009/10/14,3.423,3.423,3.423,3.423
2009/10/13,3.352,3.352,3.352,3.352
2009/10/12,3.386,3.386,3.386,3.386
2009/10/9,3.384,3.384,3.384,3.384
2009/10/8,3.248,3.248,3.248,3.248
2009/10/7,3.186,3.186,3.186,3.186
2009/10/6,3.259,3.259,3.259,3.259
2009/10/5,3.219,3.219,3.219,3.219
2009/10/2,3.219,3.219,3.219,3.219
2009/10/1,3.181,3.181,3.181,3.181
2009/9/30,3.305,3.305,3.305,3.305
2009/9/29,3.292,3.292,3.292,3.292
2009/9/28,3.281,3.281,3.281,3.281
2009/9/25,3.322,3.322,3.322,3.322
2009/9/24,3.383,3.383,3.383,3.383
2009/9/23,3.415,3.415,3.415,3.415
2009/9/22,3.443,3.443,3.443,3.443
2009/9/21,3.482,3.482,3.482,3.482
2009/9/18,3.469,3.469,3.469,3.469
2009/9/17,3.385,3.385,3.385,3.385
2009/9/16,3.475,3.475,3.475,3.475
2009/9/15,3.447,3.447,3.447,3.447
2009/9/14,3.423,3.423,3.423,3.423
2009/9/11,3.349,3.349,3.349,3.349
2009/9/10,3.354,3.354,3.354,3.354
2009/9/9,3.475,3.475,3.475,3.475
2009/9/8,3.481,3.481,3.481,3.481
2009/9/4,3.445,3.445,3.445,3.445
2009/9/3,3.348,3.348,3.348,3.348
2009/9/2,3.309,3.309,3.309,3.309
2009/9/1,3.37,3.37,3.37,3.37
2009/8/31,3.401,3.401,3.401,3.401
2009/8/28,3.449,3.449,3.449,3.449
2009/8/27,3.453,3.453,3.453,3.453
2009/8/26,3.435,3.435,3.435,3.435
2009/8/25,3.438,3.438,3.438,3.438
2009/8/24,3.474,3.474,3.474,3.474
2009/8/21,3.569,3.569,3.569,3.569
2009/8/20,3.428,3.428,3.428,3.428
2009/8/19,3.455,3.455,3.455,3.455
2009/8/18,3.517,3.517,3.517,3.517
2009/8/17,3.472,3.472,3.472,3.472
2009/8/14,3.572,3.572,3.572,3.572
2009/8/13,3.597,3.597,3.597,3.597
2009/8/12,3.711,3.711,3.711,3.711
2009/8/11,3.672,3.672,3.672,3.672
2009/8/10,3.772,3.772,3.772,3.772
2009/8/7,3.854,3.854,3.854,3.854
2009/8/6,3.756,3.756,3.756,3.756
2009/8/5,3.762,3.762,3.762,3.762
2009/8/4,3.687,3.687,3.687,3.687
2009/8/3,3.637,3.637,3.637,3.637
2009/7/31,3.482,3.482,3.482,3.482
2009/7/30,3.615,3.615,3.615,3.615
2009/7/29,3.664,3.664,3.664,3.664
2009/7/28,3.686,3.686,3.686,3.686
2009/7/27,3.725,3.725,3.725,3.725
2009/7/24,3.66,3.66,3.66,3.66
2009/7/23,3.658,3.658,3.658,3.658
2009/7/22,3.544,3.544,3.544,3.544
2009/7/21,3.484,3.484,3.484,3.484
2009/7/20,3.612,3.612,3.612,3.612
2009/7/17,3.649,3.649,3.649,3.649
2009/7/16,3.573,3.573,3.573,3.573
2009/7/15,3.614,3.614,3.614,3.614
2009/7/14,3.474,3.474,3.474,3.474
2009/7/13,3.36,3.36,3.36,3.36
2009/7/10,3.304,3.304,3.304,3.304
2009/7/9,3.413,3.413,3.413,3.413
2009/7/8,3.306,3.306,3.306,3.306
2009/7/7,3.454,3.454,3.454,3.454
2009/7/6,3.51,3.51,3.51,3.51
2009/7/2,3.502,3.502,3.502,3.502
2009/7/1,3.548,3.548,3.548,3.548
2009/6/30,3.537,3.537,3.537,3.537
2009/6/29,3.481,3.481,3.481,3.481
2009/6/26,3.529,3.529,3.529,3.529
2009/6/25,3.544,3.544,3.544,3.544
2009/6/24,3.689,3.689,3.689,3.689
2009/6/23,3.625,3.625,3.625,3.625
2009/6/22,3.685,3.685,3.685,3.685
2009/6/19,3.773,3.773,3.773,3.773
2009/6/18,3.83,3.83,3.83,3.83
2009/6/17,3.69,3.69,3.69,3.69
2009/6/16,3.663,3.663,3.663,3.663
2009/6/15,3.715,3.715,3.715,3.715
2009/6/12,3.803,3.803,3.803,3.803
2009/6/11,3.862,3.862,3.862,3.862
2009/6/10,3.947,3.947,3.947,3.947
2009/6/9,3.868,3.868,3.868,3.868
2009/6/8,3.897,3.897,3.897,3.897
2009/6/5,3.84,3.84,3.84,3.84
2009/6/4,3.716,3.716,3.716,3.716
2009/6/3,3.536,3.536,3.536,3.536
2009/6/2,3.613,3.613,3.613,3.613
2009/6/1,3.68,3.68,3.68,3.68
2009/5/29,3.461,3.461,3.461,3.461
2009/5/28,3.612,3.612,3.612,3.612
2009/5/27,3.738,3.738,3.738,3.738
2009/5/26,3.547,3.547,3.547,3.547
2009/5/22,3.45,3.45,3.45,3.45
2009/5/21,3.368,3.368,3.368,3.368
2009/5/20,3.195,3.195,3.195,3.195
2009/5/19,3.245,3.245,3.245,3.245
2009/5/18,3.241,3.241,3.241,3.241
2009/5/15,3.134,3.134,3.134,3.134
2009/5/14,3.092,3.092,3.092,3.092
2009/5/13,3.112,3.112,3.112,3.112
2009/5/12,3.178,3.178,3.178,3.178
2009/5/11,3.176,3.176,3.176,3.176
2009/5/8,3.289,3.289,3.289,3.289
2009/5/7,3.34,3.34,3.34,3.34
2009/5/6,3.155,3.155,3.155,3.155
2009/5/5,3.169,3.169,3.169,3.169
2009/5/4,3.15,3.15,3.15,3.15
2009/5/1,3.157,3.157,3.157,3.157
2009/4/30,3.119,3.119,3.119,3.119
2009/4/29,3.107,3.107,3.107,3.107
2009/4/28,3.02,3.02,3.02,3.02
2009/4/27,2.914,2.914,2.914,2.914
2009/4/24,2.998,2.998,2.998,2.998
2009/4/23,2.929,2.929,2.929,2.929
2009/4/22,2.94,2.94,2.94,2.94
2009/4/21,2.902,2.902,2.902,2.902
2009/4/20,2.849,2.849,2.849,2.849
2009/4/17,2.951,2.951,2.951,2.951
2009/4/16,2.84,2.84,2.84,2.84
2009/4/15,2.772,2.772,2.772,2.772
2009/4/14,2.79,2.79,2.79,2.79
2009/4/13,2.863,2.863,2.863,2.863
2009/4/9,2.928,2.928,2.928,2.928
2009/4/8,2.86,2.86,2.86,2.86
2009/4/7,2.9,2.9,2.9,2.9
2009/4/6,2.932,2.932,2.932,2.932
2009/4/3,2.895,2.895,2.895,2.895
2009/4/2,2.779,2.779,2.779,2.779
2009/4/1,2.652,2.652,2.652,2.652
2009/3/31,2.668,2.668,2.668,2.668
2009/3/30,2.723,2.723,2.723,2.723
2009/3/27,2.763,2.763,2.763,2.763
2009/3/26,2.744,2.744,2.744,2.744
2009/3/25,2.793,2.793,2.793,2.793
2009/3/24,2.71,2.71,2.71,2.71
2009/3/23,2.654,2.654,2.654,2.654
2009/3/20,2.633,2.633,2.633,2.633
2009/3/19,2.611,2.611,2.611,2.611
2009/3/18,2.547,2.547,2.547,2.547
2009/3/17,3.012,3.012,3.012,3.012
2009/3/16,2.957,2.957,2.957,2.957
2009/3/13,2.896,2.896,2.896,2.896
2009/3/12,2.863,2.863,2.863,2.863
2009/3/11,2.91,2.91,2.91,2.91
2009/3/10,3.012,3.012,3.012,3.012
2009/3/9,2.861,2.861,2.861,2.861
2009/3/6,2.873,2.873,2.873,2.873
2009/3/5,2.813,2.813,2.813,2.813
2009/3/4,2.978,2.978,2.978,2.978
2009/3/3,2.886,2.886,2.886,2.886
2009/3/2,2.864,2.864,2.864,2.864
2009/2/27,3.021,3.021,3.021,3.021
2009/2/26,3,3,3,3
2009/2/25,2.925,2.925,2.925,2.925
2009/2/24,2.806,2.806,2.806,2.806
2009/2/23,2.755,2.755,2.755,2.755
2009/2/20,2.792,2.792,2.792,2.792
2009/2/19,2.857,2.857,2.857,2.857
2009/2/18,2.766,2.766,2.766,2.766
2009/2/17,2.651,2.651,2.651,2.651
2009/2/16,2.815,2.815,2.815,2.815
2009/2/13,2.895,2.895,2.895,2.895
2009/2/12,2.788,2.788,2.788,2.788
2009/2/11,2.757,2.757,2.757,2.757
2009/2/10,2.819,2.819,2.819,2.819
2009/2/9,2.993,2.993,2.993,2.993
2009/2/6,2.988,2.988,2.988,2.988
2009/2/5,2.919,2.919,2.919,2.919
2009/2/4,2.939,2.939,2.939,2.939
2009/2/3,2.893,2.893,2.893,2.893
2009/2/2,2.717,2.717,2.717,2.717
2009/1/30,2.851,2.851,2.851,2.851
2009/1/29,2.864,2.864,2.864,2.864
2009/1/28,2.672,2.672,2.672,2.672
2009/1/27,2.529,2.529,2.529,2.529
2009/1/26,2.646,2.646,2.646,2.646
2009/1/23,2.615,2.615,2.615,2.615
2009/1/22,2.599,2.599,2.599,2.599
2009/1/21,2.546,2.546,2.546,2.546
2009/1/20,2.382,2.382,2.382,2.382
2009/1/19,2.453,2.453,2.453,2.453
2009/1/16,2.342,2.342,2.342,2.342
2009/1/15,2.211,2.211,2.211,2.211
2009/1/14,2.206,2.206,2.206,2.206
2009/1/13,2.297,2.297,2.297,2.297
2009/1/12,2.309,2.309,2.309,2.309
2009/1/9,2.393,2.393,2.393,2.393
2009/1/8,2.445,2.445,2.445,2.445
2009/1/7,2.498,2.498,2.498,2.498
2009/1/6,2.45,2.45,2.45,2.45
2009/1/5,2.485,2.485,2.485,2.485
2009/1/2,2.361,2.361,2.361,2.361
2008/12/31,2.22,2.22,2.22,2.22
2008/12/30,2.056,2.056,2.056,2.056
2008/12/29,2.104,2.104,2.104,2.104
2008/12/26,2.137,2.137,2.137,2.137
2008/12/24,2.188,2.188,2.188,2.188
2008/12/23,2.183,2.183,2.183,2.183
2008/12/22,2.173,2.173,2.173,2.173
2008/12/19,2.131,2.131,2.131,2.131
2008/12/18,2.085,2.085,2.085,2.085
2008/12/17,2.2,2.2,2.2,2.2
2008/12/16,2.264,2.264,2.264,2.264
2008/12/15,2.519,2.519,2.519,2.519
2008/12/12,2.576,2.576,2.576,2.576
2008/12/11,2.609,2.609,2.609,2.609
2008/12/10,2.689,2.689,2.689,2.689
2008/12/9,2.652,2.652,2.652,2.652
2008/12/8,2.743,2.743,2.743,2.743
2008/12/5,2.7,2.7,2.7,2.7
2008/12/4,2.553,2.553,2.553,2.553
2008/12/3,2.657,2.657,2.657,2.657
2008/12/2,2.693,2.693,2.693,2.693
2008/12/1,2.729,2.729,2.729,2.729
2008/11/28,2.92,2.92,2.92,2.92
2008/11/27,3.005,3.005,3.005,3.005
2008/11/26,2.989,2.989,2.989,2.989
2008/11/25,3.111,3.111,3.111,3.111
2008/11/24,3.329,3.329,3.329,3.329
2008/11/21,3.223,3.223,3.223,3.223
2008/11/20,3.008,3.008,3.008,3.008
2008/11/19,3.337,3.337,3.337,3.337
2008/11/18,3.529,3.529,3.529,3.529
2008/11/17,3.658,3.658,3.658,3.658
2008/11/14,3.731,3.731,3.731,3.731
2008/11/13,3.856,3.856,3.856,3.856
2008/11/12,3.656,3.656,3.656,3.656
2008/11/10,3.759,3.759,3.759,3.759
2008/11/7,3.793,3.793,3.793,3.793
2008/11/6,3.691,3.691,3.691,3.691
2008/11/5,3.704,3.704,3.704,3.704
2008/11/4,3.732,3.732,3.732,3.732
2008/11/3,3.912,3.912,3.912,3.912
2008/10/31,3.97,3.97,3.97,3.97
2008/10/30,3.972,3.972,3.972,3.972
2008/10/29,3.858,3.858,3.858,3.858
2008/10/28,3.847,3.847,3.847,3.847
2008/10/27,3.693,3.693,3.693,3.693
2008/10/24,3.682,3.682,3.682,3.682
2008/10/23,3.678,3.678,3.678,3.678
2008/10/22,3.598,3.598,3.598,3.598
2008/10/21,3.737,3.737,3.737,3.737
2008/10/20,3.861,3.861,3.861,3.861
2008/10/17,3.938,3.938,3.938,3.938
2008/10/16,3.969,3.969,3.969,3.969
2008/10/15,3.955,3.955,3.955,3.955
2008/10/14,4.081,4.081,4.081,4.081
2008/10/13,4.085,4.085,4.085,4.085
2008/10/10,3.876,3.876,3.876,3.876
2008/10/9,3.785,3.785,3.785,3.785
2008/10/8,3.648,3.648,3.648,3.648
2008/10/7,3.506,3.506,3.506,3.506
2008/10/6,3.462,3.462,3.462,3.462
2008/10/3,3.603,3.603,3.603,3.603
2008/10/2,3.631,3.631,3.631,3.631
2008/10/1,3.746,3.746,3.746,3.746
2008/9/30,3.829,3.829,3.829,3.829
2008/9/29,3.574,3.574,3.574,3.574
2008/9/26,3.858,3.858,3.858,3.858
2008/9/25,3.854,3.854,3.854,3.854
2008/9/24,3.812,3.812,3.812,3.812
2008/9/23,3.805,3.805,3.805,3.805
2008/9/22,3.846,3.846,3.846,3.846
2008/9/19,3.816,3.816,3.816,3.816
2008/9/18,3.549,3.549,3.549,3.549
2008/9/17,3.421,3.421,3.421,3.421
2008/9/16,3.439,3.439,3.439,3.439
2008/9/15,3.39,3.39,3.39,3.39
2008/9/12,3.722,3.722,3.722,3.722
2008/9/11,3.648,3.648,3.648,3.648
2008/9/10,3.637,3.637,3.637,3.637
2008/9/9,3.574,3.574,3.574,3.574
2008/9/8,3.695,3.695,3.695,3.695
2008/9/5,3.699,3.699,3.699,3.699
2008/9/4,3.628,3.628,3.628,3.628
2008/9/3,3.705,3.705,3.705,3.705
2008/9/2,3.738,3.738,3.738,3.738
2008/8/29,3.825,3.825,3.825,3.825
2008/8/28,3.784,3.784,3.784,3.784
2008/8/27,3.765,3.765,3.765,3.765
2008/8/26,3.78,3.78,3.78,3.78
2008/8/25,3.786,3.786,3.786,3.786
2008/8/22,3.874,3.874,3.874,3.874
2008/8/21,3.833,3.833,3.833,3.833
2008/8/20,3.805,3.805,3.805,3.805
2008/8/19,3.837,3.837,3.837,3.837
2008/8/18,3.818,3.818,3.818,3.818
2008/8/15,3.844,3.844,3.844,3.844
2008/8/14,3.897,3.897,3.897,3.897
2008/8/13,3.939,3.939,3.939,3.939
2008/8/12,3.901,3.901,3.901,3.901
2008/8/11,3.998,3.998,3.998,3.998
2008/8/8,3.935,3.935,3.935,3.935
2008/8/7,3.928,3.928,3.928,3.928
2008/8/6,4.06,4.06,4.06,4.06
2008/8/5,4.022,4.022,4.022,4.022
2008/8/4,3.97,3.97,3.97,3.97
2008/8/1,3.942,3.942,3.942,3.942
2008/7/31,3.958,3.958,3.958,3.958
2008/7/30,4.05,4.05,4.05,4.05
2008/7/29,4.044,4.044,4.044,4.044
2008/7/28,4.007,4.007,4.007,4.007
2008/7/25,4.103,4.103,4.103,4.103
2008/7/24,3.999,3.999,3.999,3.999
2008/7/23,4.12,4.12,4.12,4.12
2008/7/22,4.105,4.105,4.105,4.105
2008/7/21,4.04,4.04,4.04,4.04
2008/7/18,4.089,4.089,4.089,4.089
2008/7/17,3.997,3.997,3.997,3.997
2008/7/16,3.938,3.938,3.938,3.938
2008/7/15,3.828,3.828,3.828,3.828
2008/7/14,3.863,3.863,3.863,3.863
2008/7/11,3.973,3.973,3.973,3.973
2008/7/10,3.8,3.8,3.8,3.8
2008/7/9,3.817,3.817,3.817,3.817
2008/7/8,3.888,3.888,3.888,3.888
2008/7/7,3.909,3.909,3.909,3.909
2008/7/4,3.987,3.987,3.987,3.987
2008/7/3,3.99,3.99,3.99,3.99
2008/7/2,3.959,3.959,3.959,3.959
2008/7/1,4.008,4.008,4.008,4.008
2008/6/30,3.975,3.975,3.975,3.975
2008/6/27,3.969,3.969,3.969,3.969
2008/6/26,4.031,4.031,4.031,4.031
2008/6/25,4.103,4.103,4.103,4.103
2008/6/24,4.103,4.103,4.103,4.103
2008/6/23,4.166,4.166,4.166,4.166
2008/6/20,4.168,4.168,4.168,4.168
2008/6/19,4.209,4.209,4.209,4.209
2008/6/18,4.142,4.142,4.142,4.142
2008/6/17,4.199,4.199,4.199,4.199
2008/6/16,4.279,4.279,4.279,4.279
2008/6/13,4.261,4.261,4.261,4.261
2008/6/12,4.215,4.215,4.215,4.215
2008/6/11,4.075,4.075,4.075,4.075
2008/6/10,4.097,4.097,4.097,4.097
2008/6/9,4.025,4.025,4.025,4.025
2008/6/6,3.928,3.928,3.928,3.928
2008/6/5,4.044,4.044,4.044,4.044
2008/6/4,3.982,3.982,3.982,3.982
2008/6/3,3.894,3.894,3.894,3.894
2008/6/2,3.967,3.967,3.967,3.967
2008/5/30,4.067,4.067,4.067,4.067
2008/5/29,4.079,4.079,4.079,4.079
2008/5/28,3.999,3.999,3.999,3.999
2008/5/27,3.921,3.921,3.921,3.921
2008/5/26,3.858,3.858,3.858,3.858
2008/5/23,3.85,3.85,3.85,3.85
2008/5/22,3.923,3.923,3.923,3.923
2008/5/21,3.807,3.807,3.807,3.807
2008/5/20,3.78,3.78,3.78,3.78
2008/5/19,3.835,3.835,3.835,3.835
2008/5/16,3.854,3.854,3.854,3.854
2008/5/15,3.82,3.82,3.82,3.82
2008/5/14,3.919,3.919,3.919,3.919
2008/5/13,3.913,3.913,3.913,3.913
2008/5/12,3.799,3.799,3.799,3.799
2008/5/9,3.779,3.779,3.779,3.779
2008/5/8,3.782,3.782,3.782,3.782
2008/5/7,3.849,3.849,3.849,3.849
2008/5/6,3.922,3.922,3.922,3.922
2008/5/5,3.873,3.873,3.873,3.873
2008/5/2,3.859,3.859,3.859,3.859
2008/5/1,3.769,3.769,3.769,3.769
2008/4/30,3.734,3.734,3.734,3.734
2008/4/29,3.825,3.825,3.825,3.825
2008/4/28,3.831,3.831,3.831,3.831
2008/4/25,3.872,3.872,3.872,3.872
2008/4/24,3.835,3.835,3.835,3.835
2008/4/23,3.737,3.737,3.737,3.737
2008/4/22,3.699,3.699,3.699,3.699
2008/4/21,3.731,3.731,3.731,3.731
2008/4/18,3.708,3.708,3.708,3.708
2008/4/17,3.725,3.725,3.725,3.725
2008/4/16,3.714,3.714,3.714,3.714
2008/4/15,3.606,3.606,3.606,3.606
2008/4/14,3.513,3.513,3.513,3.513
2008/4/11,3.479,3.479,3.479,3.479
2008/4/10,3.545,3.545,3.545,3.545
2008/4/9,3.481,3.481,3.481,3.481
2008/4/8,3.564,3.564,3.564,3.564
2008/4/7,3.547,3.547,3.547,3.547
2008/4/4,3.47,3.47,3.47,3.47
2008/4/3,3.594,3.594,3.594,3.594
2008/4/2,3.604,3.604,3.604,3.604
2008/4/1,3.558,3.558,3.558,3.558
2008/3/31,3.421,3.421,3.421,3.421
2008/3/28,3.441,3.441,3.441,3.441
2008/3/27,3.524,3.524,3.524,3.524
2008/3/26,3.464,3.464,3.464,3.464
2008/3/25,3.513,3.513,3.513,3.513
2008/3/24,3.558,3.558,3.558,3.558
2008/3/20,3.341,3.341,3.341,3.341
2008/3/19,3.33,3.33,3.33,3.33
2008/3/18,3.503,3.503,3.503,3.503
2008/3/17,3.297,3.297,3.297,3.297
2008/3/14,3.466,3.466,3.466,3.466
2008/3/13,3.526,3.526,3.526,3.526
2008/3/12,3.44,3.44,3.44,3.44
2008/3/11,3.6,3.6,3.6,3.6
2008/3/10,3.466,3.466,3.466,3.466
2008/3/7,3.541,3.541,3.541,3.541
2008/3/6,3.594,3.594,3.594,3.594
2008/3/5,3.681,3.681,3.681,3.681
2008/3/4,3.63,3.63,3.63,3.63
2008/3/3,3.554,3.554,3.554,3.554
2008/2/29,3.519,3.519,3.519,3.519
2008/2/28,3.672,3.672,3.672,3.672
2008/2/27,3.852,3.852,3.852,3.852
2008/2/26,3.858,3.858,3.858,3.858
2008/2/25,3.91,3.91,3.91,3.91
2008/2/22,3.805,3.805,3.805,3.805
2008/2/21,3.786,3.786,3.786,3.786
2008/2/20,3.892,3.892,3.892,3.892
2008/2/19,3.908,3.908,3.908,3.908
2008/2/15,3.765,3.765,3.765,3.765
2008/2/14,3.822,3.822,3.822,3.822
2008/2/13,3.736,3.736,3.736,3.736
2008/2/12,3.662,3.662,3.662,3.662
2008/2/11,3.618,3.618,3.618,3.618
2008/2/8,3.65,3.65,3.65,3.65
2008/2/7,3.772,3.772,3.772,3.772
2008/2/6,3.598,3.598,3.598,3.598
2008/2/5,3.568,3.568,3.568,3.568
2008/2/4,3.644,3.644,3.644,3.644
2008/2/1,3.596,3.596,3.596,3.596
2008/1/31,3.597,3.597,3.597,3.597
2008/1/30,3.647,3.647,3.647,3.647
2008/1/29,3.679,3.679,3.679,3.679
2008/1/28,3.583,3.583,3.583,3.583
2008/1/25,3.557,3.557,3.557,3.557
2008/1/24,3.704,3.704,3.704,3.704
2008/1/23,3.605,3.605,3.605,3.605
2008/1/22,3.415,3.415,3.415,3.415
2008/1/21,3.501,3.501,3.501,3.501
2008/1/18,3.637,3.637,3.637,3.637
2008/1/17,3.63,3.63,3.63,3.63
2008/1/16,3.74,3.74,3.74,3.74
2008/1/15,3.681,3.681,3.681,3.681
2008/1/14,3.772,3.772,3.772,3.772
2008/1/11,3.791,3.791,3.791,3.791
2008/1/10,3.889,3.889,3.889,3.889
2008/1/9,3.825,3.825,3.825,3.825
2008/1/8,3.78,3.78,3.78,3.78
2008/1/7,3.837,3.837,3.837,3.837
2008/1/4,3.875,3.875,3.875,3.875
2008/1/3,3.894,3.894,3.894,3.894
2008/1/2,3.905,3.905,3.905,3.905
2007/12/31,4.035,4.035,4.035,4.035
2007/12/28,4.077,4.077,4.077,4.077
2007/12/27,4.203,4.203,4.203,4.203
2007/12/26,4.285,4.285,4.285,4.285
2007/12/24,4.214,4.214,4.214,4.214
2007/12/21,4.172,4.172,4.172,4.172
2007/12/20,4.054,4.054,4.054,4.054
2007/12/19,4.034,4.034,4.034,4.034
2007/12/18,4.122,4.122,4.122,4.122
2007/12/17,4.151,4.151,4.151,4.151
2007/12/14,4.242,4.242,4.242,4.242
2007/12/13,4.213,4.213,4.213,4.213
2007/12/12,4.091,4.091,4.091,4.091
2007/12/11,3.973,3.973,3.973,3.973
2007/12/10,4.162,4.162,4.162,4.162
2007/12/7,4.109,4.109,4.109,4.109
2007/12/6,4.017,4.017,4.017,4.017
2007/12/5,3.955,3.955,3.955,3.955
2007/12/4,3.902,3.902,3.902,3.902
2007/12/3,3.852,3.852,3.852,3.852
2007/11/30,3.949,3.949,3.949,3.949
2007/11/29,3.929,3.929,3.929,3.929
2007/11/28,4.046,4.046,4.046,4.046
2007/11/27,3.951,3.951,3.951,3.951
2007/11/26,3.845,3.845,3.845,3.845
2007/11/23,4.006,4.006,4.006,4.006
2007/11/22,4.012,4.012,4.012,4.012
2007/11/21,4.016,4.016,4.016,4.016
2007/11/20,4.094,4.094,4.094,4.094
2007/11/19,4.077,4.077,4.077,4.077
2007/11/16,4.175,4.175,4.175,4.175
2007/11/15,4.14,4.14,4.14,4.14
2007/11/14,4.254,4.254,4.254,4.254
2007/11/13,4.269,4.269,4.269,4.269
2007/11/12,4.213,4.213,4.213,4.213
2007/11/9,4.21,4.21,4.21,4.21
2007/11/8,4.289,4.289,4.289,4.289
2007/11/7,4.301,4.301,4.301,4.301
2007/11/6,4.38,4.38,4.38,4.38
2007/11/5,4.338,4.338,4.338,4.338
2007/11/2,4.318,4.318,4.318,4.318
2007/11/1,4.348,4.348,4.348,4.348
2007/10/31,4.473,4.473,4.473,4.473
2007/10/30,4.387,4.387,4.387,4.387
2007/10/29,4.385,4.385,4.385,4.385
2007/10/26,4.403,4.403,4.403,4.403
2007/10/25,4.385,4.385,4.385,4.385
2007/10/24,4.347,4.347,4.347,4.347
2007/10/23,4.413,4.413,4.413,4.413
2007/10/22,4.413,4.413,4.413,4.413
2007/10/19,4.397,4.397,4.397,4.397
2007/10/18,4.499,4.499,4.499,4.499
2007/10/17,4.554,4.554,4.554,4.554
2007/10/16,4.657,4.657,4.657,4.657
2007/10/15,4.681,4.681,4.681,4.681
2007/10/12,4.687,4.687,4.687,4.687
2007/10/11,4.644,4.644,4.644,4.644
2007/10/10,4.655,4.655,4.655,4.655
2007/10/9,4.654,4.654,4.654,4.654
2007/10/8,4.652,4.652,4.652,4.652
2007/10/5,4.642,4.642,4.642,4.642
2007/10/4,4.516,4.516,4.516,4.516
2007/10/3,4.561,4.561,4.561,4.561
2007/10/2,4.527,4.527,4.527,4.527
2007/10/1,4.549,4.549,4.549,4.549
2007/9/28,4.594,4.594,4.594,4.594
2007/9/27,4.569,4.569,4.569,4.569
2007/9/26,4.626,4.626,4.626,4.626
2007/9/25,4.63,4.63,4.63,4.63
2007/9/24,4.638,4.638,4.638,4.638
2007/9/21,4.628,4.628,4.628,4.628
2007/9/20,4.7,4.7,4.7,4.7
2007/9/19,4.544,4.544,4.544,4.544
2007/9/18,4.47,4.47,4.47,4.47
2007/9/17,4.466,4.466,4.466,4.466
2007/9/14,4.456,4.456,4.456,4.456
2007/9/13,4.466,4.466,4.466,4.466
2007/9/12,4.416,4.416,4.416,4.416
2007/9/11,4.374,4.374,4.374,4.374
2007/9/10,4.322,4.322,4.322,4.322
2007/9/7,4.385,4.385,4.385,4.385
2007/9/6,4.519,4.519,4.519,4.519
2007/9/5,4.465,4.465,4.465,4.465
2007/9/4,4.553,4.553,4.553,4.553
2007/8/31,4.527,4.527,4.527,4.527
2007/8/30,4.512,4.512,4.512,4.512
2007/8/29,4.565,4.565,4.565,4.565
2007/8/28,4.506,4.506,4.506,4.506
2007/8/27,4.571,4.571,4.571,4.571
2007/8/24,4.614,4.614,4.614,4.614
2007/8/23,4.651,4.651,4.651,4.651
2007/8/22,4.649,4.649,4.649,4.649
2007/8/21,4.596,4.596,4.596,4.596
2007/8/20,4.63,4.63,4.63,4.63
2007/8/17,4.689,4.689,4.689,4.689
2007/8/16,4.702,4.702,4.702,4.702
2007/8/15,4.728,4.728,4.728,4.728
2007/8/14,4.724,4.724,4.724,4.724
2007/8/13,4.766,4.766,4.766,4.766
2007/8/10,4.812,4.812,4.812,4.812
2007/8/9,4.78,4.78,4.78,4.78
2007/8/8,4.883,4.883,4.883,4.883
2007/8/7,4.782,4.782,4.782,4.782
2007/8/6,4.739,4.739,4.739,4.739
2007/8/3,4.678,4.678,4.678,4.678
2007/8/2,4.771,4.771,4.771,4.771
2007/8/1,4.794,4.794,4.794,4.794
2007/7/31,4.733,4.733,4.733,4.733
2007/7/30,4.808,4.808,4.808,4.808
2007/7/27,4.763,4.763,4.763,4.763
2007/7/26,4.806,4.806,4.806,4.806
2007/7/25,4.902,4.902,4.902,4.902
2007/7/24,4.909,4.909,4.909,4.909
2007/7/23,4.954,4.954,4.954,4.954
2007/7/20,4.952,4.952,4.952,4.952
2007/7/19,5.02,5.02,5.02,5.02
2007/7/18,5.035,5.035,5.035,5.035
2007/7/17,5.055,5.055,5.055,5.055
2007/7/16,5.043,5.043,5.043,5.043
2007/7/13,5.097,5.097,5.097,5.097
2007/7/12,5.13,5.13,5.13,5.13
2007/7/11,5.09,5.09,5.09,5.09
2007/7/10,5.029,5.029,5.029,5.029
2007/7/9,5.134,5.134,5.134,5.134
2007/7/6,5.187,5.187,5.187,5.187
2007/7/5,5.144,5.144,5.144,5.144
2007/7/4,5.066,5.066,5.066,5.066
2007/7/3,5.045,5.045,5.045,5.045
2007/7/2,4.989,4.989,4.989,4.989
2007/6/29,5.027,5.027,5.027,5.027
2007/6/28,5.11,5.11,5.11,5.11
2007/6/27,5.087,5.087,5.087,5.087
2007/6/26,5.084,5.084,5.084,5.084
2007/6/25,5.086,5.086,5.086,5.086
2007/6/22,5.136,5.136,5.136,5.136
2007/6/21,5.186,5.186,5.186,5.186
2007/6/20,5.136,5.136,5.136,5.136
2007/6/19,5.088,5.088,5.088,5.088
2007/6/18,5.14,5.14,5.14,5.14
2007/6/15,5.169,5.169,5.169,5.169
2007/6/14,5.225,5.225,5.225,5.225
2007/6/13,5.202,5.202,5.202,5.202
2007/6/12,5.289,5.289,5.289,5.289
2007/6/11,5.168,5.168,5.168,5.168
2007/6/8,5.107,5.107,5.107,5.107
2007/6/7,5.141,5.141,5.141,5.141
2007/6/6,4.968,4.968,4.968,4.968
2007/6/5,4.997,4.997,4.997,4.997
2007/6/4,4.929,4.929,4.929,4.929
2007/6/1,4.956,4.956,4.956,4.956
2007/5/31,4.892,4.892,4.892,4.892
2007/5/30,4.87,4.87,4.87,4.87
2007/5/29,4.888,4.888,4.888,4.888
2007/5/28,4.873,4.873,4.873,4.873
2007/5/25,4.865,4.865,4.865,4.865
2007/5/24,4.845,4.845,4.845,4.845
2007/5/23,4.849,4.849,4.849,4.849
2007/5/22,4.832,4.832,4.832,4.832
2007/5/21,4.788,4.788,4.788,4.788
2007/5/18,4.806,4.806,4.806,4.806
2007/5/17,4.76,4.76,4.76,4.76
2007/5/16,4.716,4.716,4.716,4.716
2007/5/15,4.708,4.708,4.708,4.708
2007/5/14,4.7,4.7,4.7,4.7
2007/5/11,4.676,4.676,4.676,4.676
2007/5/10,4.642,4.642,4.642,4.642
2007/5/9,4.672,4.672,4.672,4.672
2007/5/8,4.638,4.638,4.638,4.638
2007/5/7,4.632,4.632,4.632,4.632
2007/5/4,4.644,4.644,4.644,4.644
2007/5/3,4.682,4.682,4.682,4.682
2007/5/2,4.65,4.65,4.65,4.65
2007/5/1,4.642,4.642,4.642,4.642
2007/4/30,4.628,4.628,4.628,4.628
2007/4/27,4.699,4.699,4.699,4.699
2007/4/26,4.7,4.7,4.7,4.7
2007/4/25,4.658,4.658,4.658,4.658
2007/4/24,4.624,4.624,4.624,4.624
2007/4/23,4.646,4.646,4.646,4.646
2007/4/20,4.674,4.674,4.674,4.674
2007/4/19,4.67,4.67,4.67,4.67
2007/4/18,4.656,4.656,4.656,4.656
2007/4/17,4.684,4.684,4.684,4.684
2007/4/16,4.737,4.737,4.737,4.737
2007/4/13,4.765,4.765,4.765,4.765
2007/4/12,4.74,4.74,4.74,4.74
2007/4/11,4.737,4.737,4.737,4.737
2007/4/10,4.726,4.726,4.726,4.726
2007/4/9,4.751,4.751,4.751,4.751
2007/4/6,4.757,4.757,4.757,4.757
2007/4/5,4.684,4.684,4.684,4.684
2007/4/4,4.654,4.654,4.654,4.654
2007/4/3,4.67,4.67,4.67,4.67
2007/4/2,4.646,4.646,4.646,4.646
2007/3/30,4.648,4.648,4.648,4.648
2007/3/29,4.642,4.642,4.642,4.642
2007/3/28,4.624,4.624,4.624,4.624
2007/3/27,4.605,4.605,4.605,4.605
2007/3/26,4.607,4.607,4.607,4.607
2007/3/23,4.617,4.617,4.617,4.617
2007/3/22,4.589,4.589,4.589,4.589
2007/3/21,4.54,4.54,4.54,4.54
2007/3/20,4.555,4.555,4.555,4.555
2007/3/19,4.569,4.569,4.569,4.569
2007/3/16,4.549,4.549,4.549,4.549
2007/3/15,4.544,4.544,4.544,4.544
2007/3/14,4.54,4.54,4.54,4.54
2007/3/13,4.491,4.491,4.491,4.491
2007/3/12,4.559,4.559,4.559,4.559
2007/3/9,4.591,4.591,4.591,4.591
2007/3/8,4.518,4.518,4.518,4.518
2007/3/7,4.493,4.493,4.493,4.493
2007/3/6,4.534,4.534,4.534,4.534
2007/3/5,4.495,4.495,4.495,4.495
2007/3/2,4.503,4.503,4.503,4.503
2007/3/1,4.554,4.554,4.554,4.554
2007/2/28,4.577,4.577,4.577,4.577
2007/2/27,4.513,4.513,4.513,4.513
2007/2/26,4.631,4.631,4.631,4.631
2007/2/23,4.672,4.672,4.672,4.672
2007/2/22,4.734,4.734,4.734,4.734
2007/2/21,4.694,4.694,4.694,4.694
2007/2/20,4.68,4.68,4.68,4.68
2007/2/19,4.694,4.694,4.694,4.694
2007/2/16,4.696,4.696,4.696,4.696
2007/2/15,4.71,4.71,4.71,4.71
2007/2/14,4.742,4.742,4.742,4.742
2007/2/13,4.816,4.816,4.816,4.816
2007/2/12,4.81,4.81,4.81,4.81
2007/2/9,4.786,4.786,4.786,4.786
2007/2/8,4.74,4.74,4.74,4.74
2007/2/7,4.749,4.749,4.749,4.749
2007/2/6,4.769,4.769,4.769,4.769
2007/2/5,4.81,4.81,4.81,4.81
2007/2/2,4.827,4.827,4.827,4.827
2007/2/1,4.843,4.843,4.843,4.843
2007/1/31,4.814,4.814,4.814,4.814
2007/1/30,4.875,4.875,4.875,4.875
2007/1/29,4.894,4.894,4.894,4.894
2007/1/26,4.877,4.877,4.877,4.877
2007/1/25,4.879,4.879,4.879,4.879
2007/1/24,4.814,4.814,4.814,4.814
2007/1/23,4.81,4.81,4.81,4.81
2007/1/22,4.761,4.761,4.761,4.761
2007/1/19,4.783,4.783,4.783,4.783
2007/1/18,4.749,4.749,4.749,4.749
2007/1/17,4.785,4.785,4.785,4.785
2007/1/16,4.753,4.753,4.753,4.753
2007/1/15,4.646,4.646,4.646,4.646
2007/1/12,4.783,4.783,4.783,4.783
2007/1/11,4.739,4.739,4.739,4.739
2007/1/10,4.69,4.69,4.69,4.69
2007/1/9,4.662,4.662,4.662,4.662
2007/1/8,4.658,4.658,4.658,4.658
2007/1/5,4.648,4.648,4.648,4.648
2007/1/4,4.608,4.608,4.608,4.608
2007/1/3,4.664,4.664,4.664,4.664
